date,Voltage,Charge_Capacity,Current
06/21/2018 20:21:37.000,3.576401711,0,0
06/21/2018 20:23:37.000,3.575814247,0,0
06/21/2018 20:25:37.000,3.575202942,0,0
06/21/2018 20:27:37.000,3.574509621,0,0
06/21/2018 20:29:37.000,3.573856354,0,0
06/21/2018 20:31:37.000,3.573313713,0,0
06/21/2018 20:33:37.000,3.572934151,0,0
06/21/2018 20:35:37.000,3.572692871,0,0
06/21/2018 20:37:37.000,3.572960854,0,0
06/21/2018 20:39:37.000,3.573086739,0,0
06/21/2018 20:41:37.000,3.57324028,0,0
06/21/2018 20:43:37.000,3.573255539,0,0
06/21/2018 20:45:37.000,3.573324203,0,0
06/21/2018 20:47:37.000,3.573371887,0,0
06/21/2018 20:49:37.000,3.573371887,0,0
06/21/2018 20:51:37.000,3.573461533,0,0
06/21/2018 20:53:37.000,3.573532104,0,0
06/21/2018 20:55:37.000,3.573531151,0,0
06/21/2018 20:57:37.000,3.573595047,0,0
06/21/2018 20:59:37.000,3.573651314,0,0
06/21/2018 21:01:37.000,3.573672295,0,0
06/21/2018 21:03:37.000,3.573803902,0,0
06/21/2018 21:05:37.000,3.573799133,0,0
06/21/2018 21:07:37.000,3.573843002,0,0
06/21/2018 21:09:37.000,3.573838234,0,0
06/21/2018 21:11:37.000,3.573967934,0,0
06/21/2018 21:13:37.000,3.574004173,0,0
06/21/2018 21:15:37.000,3.574057579,0,0
06/21/2018 21:17:37.000,3.574101448,0,0
06/21/2018 21:19:37.000,3.574062347,0,0
06/21/2018 21:21:37.000,3.574158669,0,0
06/21/2018 21:23:37.000,3.574180603,0,0
06/21/2018 21:25:37.000,3.57419014,0,0
06/21/2018 21:27:37.000,3.574309349,0,0
06/21/2018 21:29:37.000,3.574275017,0,0
06/21/2018 21:31:37.000,3.574356079,0,0
06/21/2018 21:33:37.000,3.574355125,0,0
06/21/2018 21:35:37.000,3.574383736,0,0
06/21/2018 21:37:37.000,3.574477196,0,0
06/21/2018 21:39:37.000,3.574483871,0,0
06/21/2018 21:41:37.000,3.574542999,0,0
06/21/2018 21:43:37.000,3.574604034,0,0
06/21/2018 21:45:37.000,3.574647903,0,0
06/21/2018 21:47:37.000,3.574762344,0,0
06/21/2018 21:49:37.000,3.574759483,0,0
06/21/2018 21:51:37.000,3.574892044,0,0
06/21/2018 21:53:37.000,3.574923515,0,0
06/21/2018 21:55:37.000,3.574973106,0,0
06/21/2018 21:57:37.000,3.574964523,0,0
06/21/2018 21:59:37.000,3.575056076,0,0
06/21/2018 22:01:37.000,3.57508564,0,0
06/21/2018 22:03:37.000,3.575172424,0,0
06/21/2018 22:05:37.000,3.57515049,0,0
06/21/2018 22:07:37.000,3.57526207,0,0
06/21/2018 22:09:37.000,3.575316429,0,0
06/21/2018 22:11:37.000,3.575325012,0,0
06/21/2018 22:13:37.000,3.575379372,0,0
06/21/2018 22:15:37.000,3.575479507,0,0
06/21/2018 22:17:37.000,3.575564384,0,0
06/21/2018 22:19:37.000,3.575551987,0,0
06/21/2018 22:21:37.000,4.200017929,0.058057077,3.259937286
06/21/2018 22:23:37.000,4.258426666,0.166466847,3.259910583
06/21/2018 22:25:37.000,4.280506134,0.275127351,3.259880066
06/21/2018 22:27:37.000,4.307832718,0.383792371,3.259878159
06/21/2018 22:29:37.000,4.333396912,0.492451549,3.259918213
06/21/2018 22:31:37.000,4.358968735,0.601111829,3.25985527
06/21/2018 22:33:37.000,4.385650635,0.70978415,3.259914398
06/21/2018 22:35:37.000,4.399989128,0.817501247,3.144397736
06/21/2018 22:37:37.000,4.399990082,0.918630302,2.923892975
06/21/2018 22:39:37.000,4.400043488,1.012471199,2.711164474
06/21/2018 22:41:37.000,4.400015831,1.099671602,2.526639938
06/21/2018 22:43:37.000,4.400005341,1.181185961,2.368741989
06/21/2018 22:45:37.000,4.399960518,1.257762074,2.229225159
06/21/2018 22:47:37.000,4.399982452,1.329988122,2.106124878
06/21/2018 22:49:37.000,4.399973869,1.398322105,1.995344162
06/21/2018 22:51:37.000,4.39999485,1.463171363,1.898409843
06/21/2018 22:53:37.000,4.399983406,1.524974346,1.810542107
06/21/2018 22:55:37.000,4.400025368,1.583927631,1.728894234
06/21/2018 22:57:37.000,4.399986267,1.640320897,1.65504837
06/21/2018 22:59:37.000,4.400005341,1.694313526,1.585682869
06/21/2018 23:01:37.000,4.399964333,1.746091127,1.521453857
06/21/2018 23:03:37.000,4.399972916,1.795783162,1.459938049
06/21/2018 23:05:37.000,4.400054932,1.843485117,1.402888298
06/21/2018 23:07:37.000,4.39999485,1.889330149,1.348646164
06/21/2018 23:09:37.000,4.39999485,1.933409452,1.296525955
06/21/2018 23:11:37.000,4.399970055,1.975791454,1.247433662
06/21/2018 23:13:37.000,4.399980545,2.016571045,1.199807167
06/21/2018 23:15:37.000,4.399920464,2.055797815,1.154067039
06/21/2018 23:17:37.000,4.399973869,2.093539238,1.110847473
06/21/2018 23:19:37.000,4.39999485,2.12985754,1.068360329
06/21/2018 23:21:37.000,4.400033951,2.164781094,1.027319908
06/21/2018 23:23:37.000,4.400015831,2.198388577,0.989377022
06/21/2018 23:25:37.000,4.400001526,2.230736971,0.951616287
06/21/2018 23:27:37.000,4.400046349,2.261851788,0.9152174
06/21/2018 23:29:37.000,4.399953842,2.291781425,0.880912781
06/21/2018 23:31:37.000,4.399977684,2.320582151,0.847189903
06/21/2018 23:33:37.000,4.399925232,2.348286629,0.815366745
06/21/2018 23:35:37.000,4.400025368,2.374944925,0.783827782
06/21/2018 23:37:37.000,4.399905205,2.40058136,0.754193306
06/21/2018 23:39:37.000,4.400017738,2.425246954,0.725754738
06/21/2018 23:41:37.000,4.399975777,2.44897604,0.698278427
06/21/2018 23:43:37.000,4.399989128,2.471800327,0.671457291
06/21/2018 23:45:37.000,4.399977684,2.488243818,0.651997566
06/21/2018 23:47:37.000,4.256407738,2.488246441,0
06/21/2018 23:49:37.000,4.238385201,2.488246441,0
06/21/2018 23:51:37.000,4.233345032,2.488246441,0
06/21/2018 23:53:37.000,3.302373886,2.488246441,-6.51990366
06/21/2018 23:55:37.000,3.250101089,2.488246441,-6.519865036
06/21/2018 23:57:37.000,3.177636147,2.488246441,-6.519838333
06/21/2018 23:59:37.000,3.102643013,2.488246441,-6.519831657
06/22/2018 00:01:37.000,3.020334244,2.488246441,-6.519851685
06/22/2018 00:03:37.000,2.999995232,2.488246441,-6.519987583
06/22/2018 00:05:37.000,3.83690834,2.488246441,0
06/22/2018 00:07:37.000,3.853124619,2.488246441,0
06/22/2018 00:09:37.000,3.856343269,2.488246441,0
06/22/2018 00:11:37.000,4.20006752,0.017494546,3.259883881
06/22/2018 00:13:37.000,4.31061554,0.125906333,3.259986877
06/22/2018 00:15:37.000,4.341393471,0.234578222,3.259931564
06/22/2018 00:17:37.000,4.387013435,0.343234628,3.259904861
06/22/2018 00:19:37.000,4.399995804,0.44624427,2.835445404
06/22/2018 00:21:37.000,4.39993,0.532967389,2.386770248
06/22/2018 00:23:37.000,4.399978638,0.606641829,2.049077988
06/22/2018 00:25:37.000,4.400006294,0.670592785,1.798495293
06/22/2018 00:27:37.000,4.40000248,0.727197289,1.606517792
06/22/2018 00:29:37.000,4.400007248,0.778179884,1.457952499
06/22/2018 00:31:37.000,4.400009155,0.82470572,1.337371826
06/22/2018 00:33:37.000,4.399987221,0.867565334,1.236731529
06/22/2018 00:35:37.000,4.399945259,0.907324135,1.150551796
06/22/2018 00:37:37.000,4.400044441,0.944439352,1.077884674
06/22/2018 00:39:37.000,4.400020599,0.979253411,1.01260376
06/22/2018 00:41:37.000,4.40002346,1.012009621,0.95421505
06/22/2018 00:43:37.000,4.400006294,1.042905211,0.900143623
06/22/2018 00:45:37.000,4.399974823,1.072064519,0.850465775
06/22/2018 00:47:37.000,4.399974823,1.099646807,0.804721832
06/22/2018 00:49:37.000,4.399999619,1.125750065,0.762073517
06/22/2018 00:51:37.000,4.399991035,1.150491118,0.722249031
06/22/2018 00:53:37.000,4.400043488,1.173941731,0.685119629
06/22/2018 00:55:37.000,4.400022507,1.194959879,0.651999474
06/22/2018 00:57:37.000,4.26566124,1.194960237,0
06/22/2018 00:59:37.000,4.251403809,1.194960237,0
06/22/2018 01:01:37.000,4.247509956,1.194960237,0
06/22/2018 01:03:37.000,3.296809196,1.194960237,-6.51987505
06/22/2018 01:05:37.000,3.237230301,1.194960237,-6.519841671
06/22/2018 01:07:37.000,3.161275864,1.194960237,-6.520072937
06/22/2018 01:09:37.000,3.086379051,1.194960237,-6.519861698
06/22/2018 01:11:37.000,2.999979973,1.194960237,-6.519901752
06/22/2018 01:13:37.000,3.855273247,1.194960237,0
06/22/2018 01:15:37.000,3.872860909,1.194960237,0
06/22/2018 01:17:37.000,3.876511574,1.194960237,0
06/22/2018 01:19:37.000,4.200072289,0.014817519,3.259860992
06/22/2018 01:21:37.000,4.309679031,0.123225018,3.259843826
06/22/2018 01:23:37.000,4.349600792,0.231890023,3.259819031
06/22/2018 01:25:37.000,4.40003109,0.340470731,3.208900452
06/22/2018 01:27:37.000,4.400003433,0.437550694,2.640703201
06/22/2018 01:29:37.000,4.400021553,0.518076658,2.211875916
06/22/2018 01:31:37.000,4.399956703,0.586330771,1.900110245
06/22/2018 01:33:37.000,4.399971962,0.645698488,1.671019554
06/22/2018 01:35:37.000,4.400000572,0.698363543,1.496786118
06/22/2018 01:37:37.000,4.399969101,0.74591136,1.359897614
06/22/2018 01:39:37.000,4.400029182,0.789332151,1.248429298
06/22/2018 01:41:37.000,4.400005341,0.829363763,1.155653954
06/22/2018 01:43:37.000,4.399964333,0.866528511,1.075722694
06/22/2018 01:45:37.000,4.399982452,0.901181221,1.005044937
06/22/2018 01:47:37.000,4.400003433,0.9336043,0.941466331
06/22/2018 01:49:37.000,4.399980545,0.964041531,0.884998322
06/22/2018 01:51:37.000,4.399977684,0.992656946,0.832557678
06/22/2018 01:53:37.000,4.399980545,1.019611835,0.786231995
06/22/2018 01:55:37.000,4.399993896,1.045118093,0.74514389
06/22/2018 01:57:37.000,4.400021553,1.069304109,0.706389427
06/22/2018 01:59:37.000,4.399972916,1.092256308,0.670497894
06/22/2018 02:01:37.000,4.39999485,1.104292154,0.651997566
06/22/2018 02:03:37.000,4.269369125,1.104295135,0
06/22/2018 02:05:37.000,4.256146431,1.104295135,0
06/22/2018 02:07:37.000,4.252741814,1.104295135,0
06/22/2018 02:09:37.000,3.316129684,1.104295135,-6.519895077
06/22/2018 02:11:37.000,3.251707077,1.104295135,-6.519806385
06/22/2018 02:13:37.000,3.170819283,1.104295135,-6.519890308
06/22/2018 02:15:37.000,3.09311676,1.104295135,-6.519833088
06/22/2018 02:17:37.000,3.001351357,1.104295135,-6.519898415
06/22/2018 02:19:37.000,2.999978065,1.104295135,-6.519868374
06/22/2018 02:21:37.000,3.854113579,1.104295135,0
06/22/2018 02:23:37.000,3.872580528,1.104295135,0
06/22/2018 02:25:37.000,3.876401901,1.104295135,0
06/22/2018 02:27:37.000,4.200060844,0.016174274,3.259819031
06/22/2018 02:29:37.000,4.302477837,0.124589421,3.260183334
06/22/2018 02:31:37.000,4.339710236,0.233252451,3.259885788
06/22/2018 02:33:37.000,4.39203167,0.341909081,3.259893417
06/22/2018 02:35:37.000,4.400020599,0.442333758,2.720762253
06/22/2018 02:37:37.000,4.400030136,0.524899185,2.255893707
06/22/2018 02:39:37.000,4.400013924,0.594059527,1.914705276
06/22/2018 02:41:37.000,4.40007782,0.65358609,1.670412064
06/22/2018 02:43:37.000,4.400012016,0.706128836,1.490560532
06/22/2018 02:45:37.000,4.399991989,0.753414631,1.351829529
06/22/2018 02:47:37.000,4.399982452,0.796559215,1.240319252
06/22/2018 02:49:37.000,4.399949074,0.836311758,1.147044182
06/22/2018 02:51:37.000,4.399996758,0.873161614,1.065270424
06/22/2018 02:53:37.000,4.399968147,0.907474339,0.993696213
06/22/2018 02:55:37.000,4.399953842,0.939507782,0.929602623
06/22/2018 02:57:37.000,4.400004387,0.969492733,0.870165825
06/22/2018 02:59:37.000,4.39995575,0.997614741,0.81790638
06/22/2018 03:01:37.000,4.400039673,1.024065614,0.76966095
06/22/2018 03:03:37.000,4.399969101,1.048973322,0.724972725
06/22/2018 03:05:37.000,4.400022507,1.072449088,0.683961868
06/22/2018 03:07:37.000,4.399967194,1.090466022,0.651987076
06/22/2018 03:09:37.000,4.268050194,1.090468645,0
06/22/2018 03:11:37.000,4.255020142,1.090468645,0
06/22/2018 03:13:37.000,4.251676559,1.090468645,0
06/22/2018 03:15:37.000,3.304450035,1.090468645,-6.519900322
06/22/2018 03:17:37.000,3.239053726,1.090468645,-6.519866943
06/22/2018 03:19:37.000,3.157513618,1.090468645,-6.519876957
06/22/2018 03:21:37.000,3.074371338,1.090468645,-6.519814491
06/22/2018 03:23:37.000,2.999997139,1.090468645,-6.519878387
06/22/2018 03:25:37.000,3.862734795,1.090468645,0
06/22/2018 03:27:37.000,3.880951881,1.090468645,0
06/22/2018 03:29:37.000,3.884852409,1.090468645,0
06/22/2018 03:31:37.000,4.200054169,0.010539216,3.259963989
06/22/2018 03:33:37.000,4.319300652,0.118948929,3.259881973
06/22/2018 03:35:37.000,4.356654167,0.227607742,3.259918213
06/22/2018 03:37:37.000,4.399997711,0.335888416,3.138727188
06/22/2018 03:39:37.000,4.40004921,0.430802256,2.578859329
06/22/2018 03:41:37.000,4.400003433,0.509222388,2.149303436
06/22/2018 03:43:37.000,4.400006294,0.575402737,1.840069771
06/22/2018 03:45:37.000,4.399974823,0.632813096,1.613301277
06/22/2018 03:47:37.000,4.400034904,0.68355459,1.438095093
06/22/2018 03:49:37.000,4.400046349,0.729113638,1.300553322
06/22/2018 03:51:37.000,4.400020599,0.770612478,1.193386078
06/22/2018 03:53:37.000,4.400017738,0.808882713,1.10504055
06/22/2018 03:55:37.000,4.400027275,0.844405293,1.028374672
06/22/2018 03:57:37.000,4.400019646,0.87753135,0.960556984
06/22/2018 03:59:37.000,4.400029182,0.908504128,0.898792267
06/22/2018 04:01:37.000,4.400053978,0.937517643,0.842494965
06/22/2018 04:03:37.000,4.400012016,0.964750707,0.792010307
06/22/2018 04:05:37.000,4.400047302,0.990352213,0.744930267
06/22/2018 04:07:37.000,4.399991989,1.01446104,0.701916695
06/22/2018 04:09:37.000,4.400013924,1.037188053,0.661828995
06/22/2018 04:11:37.000,4.400012016,1.042852521,0.651975632
06/22/2018 04:13:37.000,4.268883705,1.042854786,0
06/22/2018 04:15:37.000,4.256162643,1.042854786,0
06/22/2018 04:17:37.000,4.252984047,1.042854786,0
06/22/2018 04:19:37.000,3.308609009,1.042854786,-6.519880295
06/22/2018 04:21:37.000,3.24227047,1.042854786,-6.519945621
06/22/2018 04:23:37.000,3.160208702,1.042854786,-6.519945621
06/22/2018 04:25:37.000,3.076140404,1.042854786,-6.519868374
06/22/2018 04:27:37.000,2.999992371,1.042854786,-6.519893646
06/22/2018 04:29:37.000,3.861564636,1.042854786,0
06/22/2018 04:31:37.000,3.880291939,1.042854786,0
06/22/2018 04:33:37.000,3.884405136,1.042854786,0
06/22/2018 04:35:37.000,4.200045586,0.010074265,3.259784698
06/22/2018 04:37:37.000,4.322301865,0.118487149,3.259918213
06/22/2018 04:39:37.000,4.360478401,0.227149472,3.259925842
06/22/2018 04:41:37.000,4.400020599,0.335093826,3.097192764
06/22/2018 04:43:37.000,4.400012016,0.42894429,2.554349899
06/22/2018 04:45:37.000,4.400024414,0.506851912,2.143672943
06/22/2018 04:47:37.000,4.400025368,0.573003769,1.843984604
06/22/2018 04:49:37.000,4.400006294,0.63067776,1.625455856
06/22/2018 04:51:37.000,4.399982452,0.681868255,1.45533371
06/22/2018 04:53:37.000,4.400045395,0.728106022,1.325510979
06/22/2018 04:55:37.000,4.400035858,0.770487607,1.220291138
06/22/2018 04:57:37.000,4.4000597,0.809576511,1.125462532
06/22/2018 04:59:37.000,4.400012016,0.845672786,1.041314125
06/22/2018 05:01:37.000,4.399991035,0.879144311,0.968560219
06/22/2018 05:03:37.000,4.399979591,0.910399258,0.908171654
06/22/2018 05:05:37.000,4.400040627,0.939767003,0.85458374
06/22/2018 05:07:37.000,4.400003433,0.96745193,0.806492805
06/22/2018 05:09:37.000,4.400032997,0.993577898,0.760777473
06/22/2018 05:11:37.000,4.400006294,1.018225551,0.717523575
06/22/2018 05:13:37.000,4.399983406,1.041457295,0.676895142
06/22/2018 05:15:37.000,4.400011063,1.054619908,0.651990891
06/22/2018 05:17:37.000,4.272806168,1.054621458,0
06/22/2018 05:19:37.000,4.260547638,1.054621458,0
06/22/2018 05:21:37.000,4.257499695,1.054621458,0
06/22/2018 05:23:37.000,3.327988625,1.054621458,-6.520170212
06/22/2018 05:25:37.000,3.256851196,1.054621458,-6.520143509
06/22/2018 05:27:37.000,3.173492432,1.054621458,-6.520172119
06/22/2018 05:29:37.000,3.089743614,1.054621458,-6.519995689
06/22/2018 05:31:37.000,2.999994278,1.054621458,-6.520120144
06/22/2018 05:33:37.000,3.857266426,1.054621458,0
06/22/2018 05:35:37.000,3.876495361,1.054621458,0
06/22/2018 05:37:37.000,3.880736351,1.054621458,0
06/22/2018 05:39:37.000,4.200124741,0.011752632,3.259822845
06/22/2018 05:41:37.000,4.320017815,0.120163985,3.259820938
06/22/2018 05:43:37.000,4.357771873,0.228832886,3.259881973
06/22/2018 05:45:37.000,4.399957657,0.337004751,3.125007629
06/22/2018 05:47:37.000,4.399964333,0.431771785,2.582351685
06/22/2018 05:49:37.000,4.400014877,0.510593235,2.167074203
06/22/2018 05:51:37.000,4.400014877,0.577504277,1.863236427
06/22/2018 05:53:37.000,4.40004921,0.635615647,1.634009361
06/22/2018 05:55:37.000,4.400012016,0.687064588,1.463514328
06/22/2018 05:57:37.000,4.399995804,0.733612359,1.336268425
06/22/2018 05:59:37.000,4.400014877,0.776303649,1.22888279
06/22/2018 06:01:37.000,4.400045395,0.815714717,1.139029503
06/22/2018 06:03:37.000,4.399940491,0.852366805,1.062181473
06/22/2018 06:05:37.000,4.400009155,0.886593282,0.992401123
06/22/2018 06:07:37.000,4.400038719,0.918508947,0.923261642
06/22/2018 06:09:37.000,4.399967194,0.948210001,0.859837532
06/22/2018 06:11:37.000,4.400009155,0.975893855,0.802965164
06/22/2018 06:13:37.000,4.400053024,1.001812339,0.753072739
06/22/2018 06:15:37.000,4.39994812,1.026148677,0.708098412
06/22/2018 06:17:37.000,4.400068283,1.04906249,0.667160034
06/22/2018 06:19:37.000,4.399989128,1.057734609,0.651990891
06/22/2018 06:21:37.000,4.26985836,1.057734847,0
06/22/2018 06:23:37.000,4.25737381,1.057734847,0
06/22/2018 06:25:37.000,4.254309654,1.057734847,0
06/22/2018 06:27:37.000,3.315452576,1.057734847,-6.520182133
06/22/2018 06:29:37.000,3.246377945,1.057734847,-6.520204067
06/22/2018 06:31:37.000,3.162632942,1.057734847,-6.520195484
06/22/2018 06:33:37.000,3.078164101,1.057734847,-6.520160198
06/22/2018 06:35:37.000,2.999983788,1.057734847,-6.519819736
06/22/2018 06:37:37.000,3.860061646,1.057734847,0
06/22/2018 06:39:37.000,3.878915787,1.057734847,0
06/22/2018 06:41:37.000,3.883199692,1.057734847,0
06/22/2018 06:43:37.000,4.200084686,0.010225946,3.259840012
06/22/2018 06:45:37.000,4.324192047,0.118644275,3.259849548
06/22/2018 06:47:37.000,4.364304543,0.22730422,3.259811401
06/22/2018 06:49:37.000,4.39999485,0.334682733,3.045013428
06/22/2018 06:51:37.000,4.399959564,0.427043855,2.515037537
06/22/2018 06:53:37.000,4.399963379,0.503762603,2.108987808
06/22/2018 06:55:37.000,4.399978638,0.56888324,1.815532684
06/22/2018 06:57:37.000,4.399991035,0.625701129,1.603767395
06/22/2018 06:59:37.000,4.400000572,0.67641592,1.445282936
06/22/2018 07:01:37.000,4.400004387,0.722325027,1.31306839
06/22/2018 07:03:37.000,4.400028229,0.764230847,1.204741478
06/22/2018 07:05:37.000,4.399989128,0.802893996,1.118273735
06/22/2018 07:07:37.000,4.399986267,0.838904977,1.043600082
06/22/2018 07:09:37.000,4.399972916,0.87261039,0.978378296
06/22/2018 07:11:37.000,4.400026321,0.904242158,0.919630051
06/22/2018 07:13:37.000,4.399974823,0.933991671,0.865920067
06/22/2018 07:15:37.000,4.400014877,0.961997867,0.814076424
06/22/2018 07:17:37.000,4.399998665,0.988286793,0.764252663
06/22/2018 07:19:37.000,4.400007248,1.012915492,0.714099884
06/22/2018 07:21:37.000,4.399974823,1.035951495,0.669112206
06/22/2018 07:23:37.000,4.400022507,1.044548392,0.651999474
06/22/2018 07:25:37.000,4.270625114,1.044550419,0
06/22/2018 07:27:37.000,4.258262634,1.044550419,0
06/22/2018 07:29:37.000,4.255174637,1.044550419,0
06/22/2018 07:31:37.000,3.319377899,1.044550419,-6.519856453
06/22/2018 07:33:37.000,3.249276161,1.044550419,-6.519826412
06/22/2018 07:35:37.000,3.166415215,1.044550419,-6.519823074
06/22/2018 07:37:37.000,3.082532883,1.044550419,-6.52015543
06/22/2018 07:39:37.000,2.999995232,1.044550419,-6.519881725
06/22/2018 07:41:37.000,3.85844326,1.044550419,0
06/22/2018 07:43:37.000,3.877515793,1.044550419,0
06/22/2018 07:45:37.000,3.881837845,1.044550419,0
06/22/2018 07:47:37.000,4.200057983,0.010633532,3.259923935
06/22/2018 07:49:37.000,4.324132919,0.119044751,3.259986877
06/22/2018 07:51:37.000,4.363902092,0.227707684,3.26020813
06/22/2018 07:53:37.000,4.400042534,0.335158437,3.051048279
06/22/2018 07:55:37.000,4.400006294,0.427592993,2.512611389
06/22/2018 07:57:37.000,4.399996758,0.504123211,2.103292465
06/22/2018 07:59:37.000,4.399999619,0.569146991,1.814148903
06/22/2018 08:01:37.000,4.39999485,0.625925064,1.602919579
06/22/2018 08:03:37.000,4.399991989,0.676580131,1.443912506
06/22/2018 08:05:37.000,4.399947166,0.722590566,1.321921349
06/22/2018 08:07:37.000,4.399991989,0.76498884,1.22426796
06/22/2018 08:09:37.000,4.399980545,0.804312527,1.136027336
06/22/2018 08:11:37.000,4.399988174,0.84087348,1.057705879
06/22/2018 08:13:37.000,4.399971962,0.874979317,0.991597176
06/22/2018 08:15:37.000,4.400014877,0.906966448,0.929244995
06/22/2018 08:17:37.000,4.399972916,0.937017202,0.873735428
06/22/2018 08:19:37.000,4.399982452,0.965319991,0.825273514
06/22/2018 08:21:37.000,4.400032997,0.992069304,0.781254768
06/22/2018 08:23:37.000,4.400009155,1.017412066,0.738836288
06/22/2018 08:25:37.000,4.399996758,1.041335225,0.69591713
06/22/2018 08:27:37.000,4.400000572,1.063809991,0.653913498
06/22/2018 08:29:37.000,4.399992943,1.064731121,0.651993752
06/22/2018 08:31:37.000,4.274907112,1.064733624,0
06/22/2018 08:33:37.000,4.263025284,1.064733624,0
06/22/2018 08:35:37.000,4.260030746,1.064733624,0
06/22/2018 08:37:37.000,3.335330009,1.064733624,-6.519876957
06/22/2018 08:39:37.000,3.261807442,1.064733624,-6.519789696
06/22/2018 08:41:37.000,3.176687241,1.064733624,-6.519883633
06/22/2018 08:43:37.000,3.092946053,1.064733624,-6.520153522
06/22/2018 08:45:37.000,2.999982834,1.064733624,-6.520180225
06/22/2018 08:47:37.000,3.856138229,1.064733624,0
06/22/2018 08:49:37.000,3.875529289,1.064733624,0
06/22/2018 08:51:37.000,3.879868507,1.064733624,0
06/22/2018 08:53:37.000,4.200098038,0.012104515,3.259965897
06/22/2018 08:55:37.000,4.318937302,0.120513201,3.259889603
06/22/2018 08:57:37.000,4.35787487,0.229173392,3.259902954
06/22/2018 08:59:37.000,4.400015831,0.337298542,3.118835449
06/22/2018 09:01:37.000,4.400036812,0.431727409,2.564264297
06/22/2018 09:03:37.000,4.400063515,0.50969559,2.135950089
06/22/2018 09:05:37.000,4.400003433,0.575486898,1.830039978
06/22/2018 09:07:37.000,4.399913788,0.632701755,1.612699509
06/22/2018 09:09:37.000,4.399971962,0.683602989,1.447285652
06/22/2018 09:11:37.000,4.399977684,0.729632795,1.319125175
06/22/2018 09:13:37.000,4.400016785,0.77178663,1.214179993
06/22/2018 09:15:37.000,4.399950981,0.810761094,1.126107216
06/22/2018 09:17:37.000,4.400042534,0.846948564,1.046648026
06/22/2018 09:19:37.000,4.400003433,0.880662739,0.977388382
06/22/2018 09:21:37.000,4.40003109,0.912222803,0.917476654
06/22/2018 09:23:37.000,4.399989128,0.941853583,0.861453056
06/22/2018 09:25:37.000,4.39999485,0.969673812,0.807749748
06/22/2018 09:27:37.000,4.400006294,0.995799124,0.759953499
06/22/2018 09:29:37.000,4.399970055,1.020413756,0.717624664
06/22/2018 09:31:37.000,4.40003109,1.043707252,0.680006981
06/22/2018 09:33:37.000,4.400013924,1.060900331,0.651997566
06/22/2018 09:35:37.000,4.271564484,1.060901523,0
06/22/2018 09:37:37.000,4.259274483,1.060901523,0
06/22/2018 09:39:37.000,4.256186485,1.060901523,0
06/22/2018 09:41:37.000,3.330341339,1.060901523,-6.519906998
06/22/2018 09:43:37.000,3.256554604,1.060901523,-6.519809723
06/22/2018 09:45:37.000,3.171330452,1.060901523,-6.519886971
06/22/2018 09:47:37.000,3.085515022,1.060901523,-6.519893646
06/22/2018 09:49:37.000,2.999990463,1.060901523,-6.519930363
06/22/2018 09:51:37.000,3.857158661,1.060901523,0
06/22/2018 09:53:37.000,3.876430511,1.060901523,0
06/22/2018 09:55:37.000,3.880779266,1.060901523,0
06/22/2018 09:57:37.000,4.200092316,0.011160026,3.259849548
06/22/2018 09:59:37.000,4.322314262,0.119570084,3.259895325
06/22/2018 10:01:37.000,4.361674309,0.228224158,3.25994873
06/22/2018 10:03:37.000,4.400022507,0.335902512,3.069467545
06/22/2018 10:05:37.000,4.400005341,0.428795338,2.523265839
06/22/2018 10:07:37.000,4.400025368,0.505586028,2.105964661
06/22/2018 10:09:37.000,4.400008202,0.570465207,1.804068565
06/22/2018 10:11:37.000,4.400012016,0.626763701,1.58744812
06/22/2018 10:13:37.000,4.4000597,0.676945865,1.430127144
06/22/2018 10:15:37.000,4.400040627,0.722470701,1.305625916
06/22/2018 10:17:37.000,4.400048256,0.764239848,1.203349113
06/22/2018 10:19:37.000,4.399964333,0.802893579,1.117808342
06/22/2018 10:21:37.000,4.400025368,0.8388713,1.04193306
06/22/2018 10:23:37.000,4.400020599,0.872435153,0.973277092
06/22/2018 10:25:37.000,4.400020599,0.903837681,0.911170959
06/22/2018 10:27:37.000,4.399991035,0.933275402,0.855946541
06/22/2018 10:29:37.000,4.399986267,0.960984588,0.806859016
06/22/2018 10:31:37.000,4.400022507,0.987084508,0.759637833
06/22/2018 10:33:37.000,4.399999619,1.011627555,0.713065147
06/22/2018 10:35:37.000,4.399952888,1.034702539,0.672286034
06/22/2018 10:37:37.000,4.399986267,1.046814799,0.651997566
06/22/2018 10:39:37.000,4.269726753,1.046815991,0
06/22/2018 10:41:37.000,4.257172585,1.046815991,0
06/22/2018 10:43:37.000,4.254081726,1.046815991,0
06/22/2018 10:45:37.000,3.330546379,1.046815991,-6.519987583
06/22/2018 10:47:37.000,3.263362885,1.046815991,-6.51982832
06/22/2018 10:49:37.000,3.181247711,1.046815991,-6.520172119
06/22/2018 10:51:37.000,3.096630096,1.046815991,-6.519806385
06/22/2018 10:53:37.000,2.99998951,1.046815991,-6.520089626
06/22/2018 10:55:37.000,3.850516319,1.046815991,0
06/22/2018 10:57:37.000,3.870128632,1.046815991,0
06/22/2018 10:59:37.000,3.874596596,1.046815991,0
06/22/2018 11:01:37.000,4.20006752,0.013413712,3.259895325
06/22/2018 11:03:37.000,4.316643715,0.121833488,3.259906769
06/22/2018 11:05:37.000,4.353164673,0.23049286,3.259832382
06/22/2018 11:07:37.000,4.400033951,0.339045942,3.197170258
06/22/2018 11:09:37.000,4.40002346,0.435931861,2.639518738
06/22/2018 11:11:37.000,4.400007248,0.516366482,2.206890106
06/22/2018 11:13:37.000,4.400024414,0.584351957,1.888110161
06/22/2018 11:15:37.000,4.399996758,0.643264592,1.656006813
06/22/2018 11:17:37.000,4.400014877,0.695405483,1.482193947
06/22/2018 11:19:37.000,4.400014877,0.742509723,1.351088524
06/22/2018 11:21:37.000,4.39998436,0.785660088,1.242043495
06/22/2018 11:23:37.000,4.400003433,0.825504839,1.151621819
06/22/2018 11:25:37.000,4.400111198,0.862538636,1.07316494
06/22/2018 11:27:37.000,4.399974823,0.897131443,1.004213333
06/22/2018 11:29:37.000,4.39997673,0.929468751,0.938282967
06/22/2018 11:31:37.000,4.399996758,0.959730387,0.878671646
06/22/2018 11:33:37.000,4.399990082,0.98814708,0.826511383
06/22/2018 11:35:37.000,4.40001297,1.014891028,0.77812767
06/22/2018 11:37:37.000,4.400006294,1.040077329,0.732861519
06/22/2018 11:39:37.000,4.399988174,1.063807487,0.690802574
06/22/2018 11:41:37.000,4.400025368,1.084466219,0.651988983
06/22/2018 11:43:37.000,4.271295547,1.084467769,0
06/22/2018 11:45:37.000,4.258867264,1.084467769,0
06/22/2018 11:47:37.000,4.25571537,1.084467769,0
06/22/2018 11:49:37.000,3.329166412,1.084467769,-6.519845009
06/22/2018 11:51:37.000,3.258444786,1.084467769,-6.519859791
06/22/2018 11:53:37.000,3.176383972,1.084467769,-6.519804478
06/22/2018 11:55:37.000,3.09307766,1.084467769,-6.519898415
06/22/2018 11:57:37.000,3,1.084467769,-6.519881725
06/22/2018 11:59:37.000,3.853460312,1.084467769,0
06/22/2018 12:01:37.000,3.872781754,1.084467769,0
06/22/2018 12:03:37.000,3.877100945,1.084467769,0
06/22/2018 12:05:37.000,4.200094223,0.01264897,3.259981155
06/22/2018 12:07:37.000,4.318120956,0.121074803,3.259950638
06/22/2018 12:09:37.000,4.355576515,0.229732066,3.259840012
06/22/2018 12:11:37.000,4.399987221,0.338063687,3.148944855
06/22/2018 12:13:37.000,4.400012016,0.433346748,2.588108063
06/22/2018 12:15:37.000,4.400033951,0.512020707,2.15331459
06/22/2018 12:17:37.000,4.400019646,0.578294098,1.840574265
06/22/2018 12:19:37.000,4.400053024,0.635634482,1.610798836
06/22/2018 12:21:37.000,4.40002346,0.686371088,1.441123009
06/22/2018 12:23:37.000,4.399969101,0.732134223,1.311346054
06/22/2018 12:25:37.000,4.400045395,0.774134278,1.211223602
06/22/2018 12:27:37.000,4.400007248,0.813035667,1.125090599
06/22/2018 12:29:37.000,4.400014877,0.849246919,1.049422264
06/22/2018 12:31:37.000,4.399977684,0.883091629,0.982058525
06/22/2018 12:33:37.000,4.399991989,0.914788067,0.919893265
06/22/2018 12:35:37.000,4.400006294,0.944441259,0.860303879
06/22/2018 12:37:37.000,4.399983406,0.972218037,0.807987213
06/22/2018 12:39:37.000,4.399991989,0.998394191,0.763585091
06/22/2018 12:41:37.000,4.399967194,1.023152709,0.722808838
06/22/2018 12:43:37.000,4.399970055,1.04659462,0.683779716
06/22/2018 12:45:37.000,4.399969101,1.065618634,0.651973724
06/22/2018 12:47:37.000,4.270012856,1.065619349,0
06/22/2018 12:49:37.000,4.257394791,1.065619349,0
06/22/2018 12:51:37.000,4.254273415,1.065619349,0
06/22/2018 12:53:37.000,3.322404861,1.065619349,-6.519846439
06/22/2018 12:55:37.000,3.250730515,1.065619349,-6.520172119
06/22/2018 12:57:37.000,3.169055939,1.065619349,-6.519831657
06/22/2018 12:59:37.000,3.085598946,1.065619349,-6.51982975
06/22/2018 13:01:37.000,2.999992371,1.065619349,-6.520208836
06/22/2018 13:03:37.000,3.854356766,1.065619349,0
06/22/2018 13:05:37.000,3.873492241,1.065619349,0
06/22/2018 13:07:37.000,3.877857208,1.065619349,0
06/22/2018 13:09:37.000,4.2000494,0.013107218,3.259840012
06/22/2018 13:11:37.000,4.317148209,0.121519081,3.259889603
06/22/2018 13:13:37.000,4.357083321,0.230175182,3.259868622
06/22/2018 13:15:37.000,4.400015831,0.338294864,3.115196228
06/22/2018 13:17:37.000,4.399995804,0.432673305,2.563991547
06/22/2018 13:19:37.000,4.400012016,0.510713995,2.139801025
06/22/2018 13:21:37.000,4.400090218,0.576653659,1.832437515
06/22/2018 13:23:37.000,4.40000248,0.633833647,1.608683586
06/22/2018 13:25:37.000,4.400027275,0.684505999,1.439072609
06/22/2018 13:27:37.000,4.400042534,0.730178535,1.306806564
06/22/2018 13:29:37.000,4.399989128,0.771956682,1.204011917
06/22/2018 13:31:37.000,4.399978638,0.810652316,1.1195364
06/22/2018 13:33:37.000,4.399962425,0.846718729,1.045381546
06/22/2018 13:35:37.000,4.399990082,0.880429924,0.97841835
06/22/2018 13:37:37.000,4.400078773,0.912030637,0.918112755
06/22/2018 13:39:37.000,4.399988174,0.941688895,0.860803604
06/22/2018 13:41:37.000,4.40001297,0.969467938,0.807019234
06/22/2018 13:43:37.000,4.400006294,0.995538652,0.75744915
06/22/2018 13:45:37.000,4.399981499,1.020084262,0.715846062
06/22/2018 13:47:37.000,4.399969101,1.043324232,0.678730011
06/22/2018 13:49:37.000,4.399974823,1.060191989,0.651995659
06/22/2018 13:51:37.000,4.269665718,1.060194135,0
06/22/2018 13:53:37.000,4.257002831,1.060194135,0
06/22/2018 13:55:37.000,4.253826141,1.060194135,0
06/22/2018 13:57:37.000,3.328562737,1.060194135,-6.519970894
06/22/2018 13:59:37.000,3.254778862,1.060194135,-6.520066261
06/22/2018 14:01:37.000,3.170258522,1.060194135,-6.519811153
06/22/2018 14:03:37.000,3.086461067,1.060194135,-6.520165443
06/22/2018 14:05:37.000,2.999991417,1.060194135,-6.520150185
06/22/2018 14:07:37.000,3.853550911,1.060194135,0
06/22/2018 14:09:37.000,3.872665405,1.060194135,0
06/22/2018 14:11:37.000,3.876940727,1.060194135,0
06/22/2018 14:13:37.000,4.200080872,0.014010333,3.259962082
06/22/2018 14:15:37.000,4.313275337,0.122424215,3.259916306
06/22/2018 14:17:37.000,4.352417946,0.231083274,3.25989151
06/22/2018 14:19:37.000,4.399995804,0.33950603,3.163507462
06/22/2018 14:21:37.000,4.400075912,0.435091525,2.592126846
06/22/2018 14:23:37.000,4.399977684,0.513846159,2.156608582
06/22/2018 14:25:37.000,4.399990082,0.580269158,1.847222328
06/22/2018 14:27:37.000,4.40003109,0.637910903,1.622357368
06/22/2018 14:29:37.000,4.400032997,0.689049363,1.454315186
06/22/2018 14:31:37.000,4.39999485,0.735236704,1.322455406
06/22/2018 14:33:37.000,4.399977684,0.777478039,1.214409828
06/22/2018 14:35:37.000,4.399989128,0.816435933,1.125957489
06/22/2018 14:37:37.000,4.400006294,0.852677822,1.050314903
06/22/2018 14:39:37.000,4.400007248,0.886529863,0.981556892
06/22/2018 14:41:37.000,4.400039673,0.918193102,0.91855526
06/22/2018 14:43:37.000,4.400016785,0.947826505,0.860255241
06/22/2018 14:45:37.000,4.39998436,0.975591242,0.805628777
06/22/2018 14:47:37.000,4.400020599,1.001575947,0.754365921
06/22/2018 14:49:37.000,4.400000572,1.025958896,0.709133148
06/22/2018 14:51:37.000,4.40000248,1.048925281,0.669308662
06/22/2018 14:53:37.000,4.399952888,1.059399843,0.651995659
06/22/2018 14:55:37.000,4.268864632,1.059402823,0
06/22/2018 14:57:37.000,4.256118774,1.059402823,0
06/22/2018 14:59:37.000,4.252916336,1.059402823,0
06/22/2018 15:01:37.000,3.324145317,1.059402823,-6.519957542
06/22/2018 15:03:37.000,3.251377106,1.059402823,-6.519863605
06/22/2018 15:05:37.000,3.167457581,1.059402823,-6.519915581
06/22/2018 15:07:37.000,3.079724312,1.059402823,-6.519994259
06/22/2018 15:09:37.000,2.999973297,1.059402823,-6.519930363
06/22/2018 15:11:37.000,3.857327461,1.059402823,0
06/22/2018 15:13:37.000,3.876244545,1.059402823,0
06/22/2018 15:15:37.000,3.880446434,1.059402823,0
06/22/2018 15:17:37.000,4.200094223,0.011436764,3.259853363
06/22/2018 15:19:37.000,4.319973946,0.119844913,3.259923935
06/22/2018 15:21:37.000,4.358642578,0.228512287,3.259954453
06/22/2018 15:23:37.000,4.399996758,0.336507827,3.103397369
06/22/2018 15:25:37.000,4.400015831,0.430397123,2.545249939
06/22/2018 15:27:37.000,4.399965286,0.507793307,2.119052887
06/22/2018 15:29:37.000,4.400016785,0.573049307,1.811150551
06/22/2018 15:31:37.000,4.399997711,0.629461586,1.584478378
06/22/2018 15:33:37.000,4.400012016,0.679332674,1.4158144
06/22/2018 15:35:37.000,4.399986267,0.724268258,1.286060333
06/22/2018 15:37:37.000,4.399972916,0.765372872,1.182516098
06/22/2018 15:39:37.000,4.400009155,0.803313017,1.095832825
06/22/2018 15:41:37.000,4.39999485,0.838568389,1.022919655
06/22/2018 15:43:37.000,4.400025368,0.871604621,0.960201263
06/22/2018 15:45:37.000,4.399982452,0.902643144,0.902767181
06/22/2018 15:47:37.000,4.400005341,0.931825638,0.848560333
06/22/2018 15:49:37.000,4.400020599,0.959278584,0.799116135
06/22/2018 15:51:37.000,4.400019646,0.985119283,0.751649857
06/22/2018 15:53:37.000,4.400060654,1.009391308,0.705262184
06/22/2018 15:55:37.000,4.399980545,1.032192945,0.66335392
06/22/2018 15:57:37.000,4.400029182,1.038426399,0.651997566
06/22/2018 15:59:37.000,4.268447876,1.038427591,0
06/22/2018 16:01:37.000,4.255655289,1.038427591,0
06/22/2018 16:03:37.000,4.252447128,1.038427591,0
06/22/2018 16:05:37.000,3.320903778,1.038427591,-6.519940376
06/22/2018 16:07:37.000,3.249417305,1.038427591,-6.519930363
06/22/2018 16:09:37.000,3.166765213,1.038427591,-6.520002365
06/22/2018 16:11:37.000,3.081753731,1.038427591,-6.519965649
06/22/2018 16:13:37.000,2.999999046,1.038427591,-6.519918919
06/22/2018 16:15:37.000,3.855989456,1.038427591,0
06/22/2018 16:17:37.000,3.875178337,1.038427591,0
06/22/2018 16:19:37.000,3.879353523,1.038427591,0
06/22/2018 16:21:37.000,4.200122833,0.010921374,3.259939194
06/22/2018 16:23:37.000,4.323468208,0.119336255,3.260004044
06/22/2018 16:25:37.000,4.361591339,0.228007317,3.259944916
06/22/2018 16:27:37.000,4.400058746,0.335852444,3.087575912
06/22/2018 16:29:37.000,4.400000572,0.429574519,2.553564072
06/22/2018 16:31:37.000,4.400014877,0.507478714,2.141414642
06/22/2018 16:33:37.000,4.400022507,0.573607266,1.839207649
06/22/2018 16:35:37.000,4.400014877,0.630941212,1.611749649
06/22/2018 16:37:37.000,4.39997673,0.681615829,1.437739372
06/22/2018 16:39:37.000,4.399991989,0.727196038,1.30205822
06/22/2018 16:41:37.000,4.400051117,0.768699765,1.192232132
06/22/2018 16:43:37.000,4.400034904,0.806897104,1.102251053
06/22/2018 16:45:37.000,4.400050163,0.842367887,1.027963638
06/22/2018 16:47:37.000,4.400052071,0.875531793,0.963308334
06/22/2018 16:49:37.000,4.400007248,0.906722069,0.909282684
06/22/2018 16:51:37.000,4.400060654,0.936182141,0.858402252
06/22/2018 16:53:37.000,4.399980545,0.963974833,0.809830666
06/22/2018 16:55:37.000,4.400009155,0.990190625,0.763724327
06/22/2018 16:57:37.000,4.400024414,1.014930487,0.721380234
06/22/2018 16:59:37.000,4.400007248,1.038232446,0.67707634
06/22/2018 17:01:37.000,4.400017738,1.05095613,0.651997566
06/22/2018 17:03:37.000,4.270359039,1.050957322,0
06/22/2018 17:05:37.000,4.25772953,1.050957322,0
06/22/2018 17:07:37.000,4.254644394,1.050957322,0
06/22/2018 17:09:37.000,3.329000473,1.050957322,-6.519885063
06/22/2018 17:11:37.000,3.257547379,1.050957322,-6.519865036
06/22/2018 17:13:37.000,3.174559593,1.050957322,-6.519870281
06/22/2018 17:15:37.000,3.090566635,1.050957322,-6.519912243
06/22/2018 17:17:37.000,2.999979019,1.050957322,-6.519898415
06/22/2018 17:19:37.000,3.853099823,1.050957322,0
06/22/2018 17:21:37.000,3.87233448,1.050957322,0
06/22/2018 17:23:37.000,3.876717567,1.050957322,0
06/22/2018 17:25:37.000,4.200032234,0.01272323,3.259840012
06/22/2018 17:27:37.000,4.318943024,0.121133044,3.259895325
06/22/2018 17:29:37.000,4.356993675,0.229805037,3.25995636
06/22/2018 17:31:37.000,4.400019646,0.338067442,3.140592575
06/22/2018 17:33:37.000,4.399982452,0.433453262,2.600709915
06/22/2018 17:35:37.000,4.40004158,0.512770355,2.181238174
06/22/2018 17:37:37.000,4.399988174,0.580152094,1.877195358
06/22/2018 17:39:37.000,4.399987221,0.638820529,1.656279564
06/22/2018 17:41:37.000,4.400008202,0.690999985,1.481553078
06/22/2018 17:43:37.000,4.400025368,0.737939358,1.337647438
06/22/2018 17:45:37.000,4.399990082,0.780501842,1.219521523
06/22/2018 17:47:37.000,4.400017738,0.819469988,1.120688438
06/22/2018 17:49:37.000,4.39996624,0.855414152,1.037607193
06/22/2018 17:51:37.000,4.400020599,0.888786495,0.966391563
06/22/2018 17:53:37.000,4.399974823,0.919935286,0.90387249
06/22/2018 17:55:37.000,4.399947166,0.949199021,0.852834702
06/22/2018 17:57:37.000,4.399969101,0.976832271,0.805502892
06/22/2018 17:59:37.000,4.400003433,1.002902508,0.758806229
06/22/2018 18:01:37.000,4.399990082,1.027465582,0.715260506
06/22/2018 18:03:37.000,4.400025368,1.050616145,0.674160957
06/22/2018 18:05:37.000,4.399986267,1.062895417,0.651997566
06/22/2018 18:07:37.000,4.269924164,1.062897921,0
06/22/2018 18:09:37.000,4.257253647,1.062897921,0
06/22/2018 18:11:37.000,4.2541399,1.062897921,0
06/22/2018 18:13:37.000,3.322611809,1.062897921,-6.519896984
06/22/2018 18:15:37.000,3.248547554,1.062897921,-6.519930363
06/22/2018 18:17:37.000,3.164079666,1.062897921,-6.519952297
06/22/2018 18:19:37.000,3.08012867,1.062897921,-6.519895077
06/22/2018 18:21:37.000,2.999983788,1.062897921,-6.51990509
06/22/2018 18:23:37.000,3.857262611,1.062897921,0
06/22/2018 18:25:37.000,3.876326561,1.062897921,0
06/22/2018 18:27:37.000,3.880496025,1.062897921,0
06/22/2018 18:29:37.000,4.200120926,0.011305179,3.259832382
06/22/2018 18:31:37.000,4.322891235,0.119714841,3.259908676
06/22/2018 18:33:37.000,4.364312172,0.228376567,3.259929657
06/22/2018 18:35:37.000,4.399913788,0.33563742,3.032546997
06/22/2018 18:37:37.000,4.400008202,0.427441418,2.494062424
06/22/2018 18:39:37.000,4.400003433,0.503388524,2.086170197
06/22/2018 18:41:37.000,4.400011063,0.567864954,1.797699928
06/22/2018 18:43:37.000,4.399974823,0.624114037,1.587830544
06/22/2018 18:45:37.000,4.399981499,0.67430985,1.431660652
06/22/2018 18:47:37.000,4.40002346,0.719914198,1.308992386
06/22/2018 18:49:37.000,4.399999619,0.761804402,1.20619297
06/22/2018 18:51:37.000,4.399946213,0.800482154,1.115389824
06/22/2018 18:53:37.000,4.399978638,0.838366091,1.173280716
06/22/2018 18:55:37.000,4.400000572,0.875610888,1.060537338
06/22/2018 18:57:37.000,4.400009155,0.908741593,0.927272797
06/22/2018 18:59:37.000,4.400015831,0.937860429,0.829750061
06/22/2018 19:01:37.000,4.399974823,0.964538097,0.774413109
06/22/2018 19:03:37.000,4.399989128,0.989591956,0.728522301
06/22/2018 19:05:37.000,4.399957657,1.013200641,0.689582825
06/22/2018 19:07:37.000,4.400005341,1.03556335,0.65320015
06/22/2018 19:09:37.000,4.400014877,1.036430478,0.651997566
06/22/2018 19:11:37.000,4.267956734,1.03643167,0
06/22/2018 19:13:37.000,4.255116463,1.03643167,0
06/22/2018 19:15:37.000,4.251838684,1.03643167,0
06/22/2018 19:17:37.000,3.321700096,1.03643167,-6.519945621
06/22/2018 19:19:37.000,3.246520996,1.03643167,-6.519953728
06/22/2018 19:21:37.000,3.162339211,1.03643167,-6.519917011
06/22/2018 19:23:37.000,3.076674461,1.03643167,-6.519917011
06/22/2018 19:25:37.000,2.999986649,1.03643167,-6.519964218
06/22/2018 19:27:37.000,3.857690811,1.03643167,0
06/22/2018 19:29:37.000,3.876667023,1.03643167,0
06/22/2018 19:31:37.000,3.88079834,1.03643167,0
06/22/2018 19:33:37.000,4.200035095,0.011212847,3.259933472
06/22/2018 19:35:37.000,4.322052956,0.119622327,3.259908676
06/22/2018 19:37:37.000,4.362125397,0.228294343,3.259895325
06/22/2018 19:39:37.000,4.40001297,0.33582142,3.05434227
06/22/2018 19:41:37.000,4.400012016,0.428063542,2.501888275
06/22/2018 19:43:37.000,4.400030136,0.504176557,2.087528229
06/22/2018 19:45:37.000,4.400036812,0.568552256,1.791201591
06/22/2018 19:47:37.000,4.400020599,0.62450403,1.576122284
06/22/2018 19:49:37.000,4.400034904,0.674257338,1.416734695
06/22/2018 19:51:37.000,4.399991989,0.71938473,1.294857025
06/22/2018 19:53:37.000,4.399993896,0.760832071,1.194624901
06/22/2018 19:55:37.000,4.400032997,0.799202979,1.109272003
06/22/2018 19:57:37.000,4.399964333,0.834879279,1.034033775
06/22/2018 19:59:37.000,4.40000248,0.868265152,0.968759537
06/22/2018 20:01:37.000,4.40004158,0.899508297,0.907114983
06/22/2018 20:03:37.000,4.399953842,0.928769708,0.8497715
06/22/2018 20:05:37.000,4.399993896,0.956231177,0.798557281
06/22/2018 20:07:37.000,4.400025368,0.982075572,0.752895355
06/22/2018 20:09:37.000,4.400006294,1.006418109,0.708368301
06/22/2018 20:11:37.000,4.400008202,1.029375553,0.66977787
06/22/2018 20:13:37.000,4.400014877,1.039941907,0.651992798
06/22/2018 20:15:37.000,4.270125389,1.039945245,0
06/22/2018 20:17:37.000,4.257526398,1.039945245,0
06/22/2018 20:19:37.000,4.254293442,1.039945245,0
06/22/2018 20:21:37.000,3.331616402,1.039945245,-6.519888401
06/22/2018 20:23:37.000,3.255949974,1.039945245,-6.519876957
06/22/2018 20:25:37.000,3.171701431,1.039945245,-6.519947052
06/22/2018 20:27:37.000,3.08762455,1.039945245,-6.519901752
06/22/2018 20:29:37.000,3.000005722,1.039945245,-6.519813061
06/22/2018 20:31:37.000,3.852673531,1.039945245,0
06/22/2018 20:33:37.000,3.87202549,1.039945245,0
06/22/2018 20:35:37.000,3.876288414,1.039945245,0
06/22/2018 20:37:37.000,4.200068474,0.013590834,3.25994873
06/22/2018 20:39:37.000,4.314822197,0.122002795,3.259937286
06/22/2018 20:41:37.000,4.353012085,0.230664849,3.259912491
06/22/2018 20:43:37.000,4.399971962,0.33912915,3.17074585
06/22/2018 20:45:37.000,4.40004921,0.434962422,2.600971222
06/22/2018 20:47:37.000,4.399952888,0.513899922,2.158006668
06/22/2018 20:49:37.000,4.399971962,0.580192089,1.836523056
06/22/2018 20:51:37.000,4.400001526,0.637366951,1.605528831
06/22/2018 20:53:37.000,4.400011063,0.687929988,1.435025215
06/22/2018 20:55:37.000,4.399987221,0.733462334,1.302566528
06/22/2018 20:57:37.000,4.399971008,0.775103211,1.20028019
06/22/2018 20:59:37.000,4.399986267,0.81366837,1.116127968
06/22/2018 21:01:37.000,4.399927139,0.849629581,1.042868614
06/22/2018 21:03:37.000,4.400032043,0.883250475,0.975646973
06/22/2018 21:05:37.000,4.400017738,0.91477114,0.916478157
06/22/2018 21:07:37.000,4.400000572,0.944391429,0.861083984
06/22/2018 21:09:37.000,4.400042534,0.972218692,0.809309006
06/22/2018 21:11:37.000,4.40002346,0.998369098,0.76086235
06/22/2018 21:13:37.000,4.400044441,1.022982359,0.716851234
06/22/2018 21:15:37.000,4.399972916,1.046183586,0.676775932
06/22/2018 21:17:37.000,4.39996624,1.061370134,0.651999474
06/22/2018 21:19:37.000,4.26953125,1.061371207,0
06/22/2018 21:21:37.000,4.25675106,1.061371207,0
06/22/2018 21:23:37.000,4.253554344,1.061371207,0
06/22/2018 21:25:37.000,3.329275131,1.061371207,-6.519917011
06/22/2018 21:27:37.000,3.255640984,1.061371207,-6.519888401
06/22/2018 21:29:37.000,3.169379234,1.061371207,-6.519901752
06/22/2018 21:31:37.000,3.081449509,1.061371207,-6.519968987
06/22/2018 21:33:37.000,2.999995232,1.061371207,-6.519927025
06/22/2018 21:35:37.000,3.856333733,1.061371207,0
06/22/2018 21:37:37.000,3.875535011,1.061371207,0
06/22/2018 21:39:37.000,3.879713058,1.061371207,0
06/22/2018 21:41:37.000,4.200137138,0.011072565,3.259943008
06/22/2018 21:43:37.000,4.321866989,0.119492851,3.259925842
06/22/2018 21:45:37.000,4.360753059,0.228149667,3.259853363
06/22/2018 21:47:37.000,4.399998665,0.335942507,3.080863953
06/22/2018 21:49:37.000,4.400047302,0.429237008,2.532455444
06/22/2018 21:51:37.000,4.399921417,0.50627327,2.110359192
06/22/2018 21:53:37.000,4.399967194,0.571226716,1.80310154
06/22/2018 21:55:37.000,4.40000248,0.627361178,1.577159882
06/22/2018 21:57:37.000,4.400035858,0.677017927,1.410140038
06/22/2018 21:59:37.000,4.400006294,0.721794009,1.282382011
06/22/2018 22:01:37.000,4.400028229,0.762763321,1.179362297
06/22/2018 22:03:37.000,4.399978638,0.800600231,1.093514442
06/22/2018 22:05:37.000,4.400058746,0.835847437,1.023204803
06/22/2018 22:07:37.000,4.400052071,0.86890173,0.960454941
06/22/2018 22:09:37.000,4.400004387,0.899952114,0.902696609
06/22/2018 22:11:37.000,4.399945259,0.92915684,0.850186348
06/22/2018 22:13:37.000,4.400062561,0.956682265,0.801846504
06/22/2018 22:15:37.000,4.399924278,0.982621849,0.754392624
06/22/2018 22:17:37.000,4.399943352,1.007056832,0.711920738
06/22/2018 22:19:37.000,4.399967194,1.030112863,0.671930313
06/22/2018 22:21:37.000,4.399992943,1.041798472,0.651993752
06/22/2018 22:23:37.000,4.269229889,1.041800618,0
06/22/2018 22:25:37.000,4.25645256,1.041800618,0
06/22/2018 22:27:37.000,4.253158569,1.041800618,0
06/22/2018 22:29:37.000,3.331954002,1.041800618,-6.519886971
06/22/2018 22:31:37.000,3.256063461,1.041800618,-6.519859791
06/22/2018 22:33:37.000,3.170188904,1.041800618,-6.51982975
06/22/2018 22:35:37.000,3.081953049,1.041800618,-6.519885063
06/22/2018 22:37:37.000,2.999999046,1.041800618,-6.519918919
06/22/2018 22:39:37.000,3.856290817,1.041800618,0
06/22/2018 22:41:37.000,3.875512123,1.041800618,0
06/22/2018 22:43:37.000,3.879756927,1.041800618,0
06/22/2018 22:45:37.000,4.200032234,0.011239091,3.259607315
06/22/2018 22:47:37.000,4.322339058,0.119650275,3.259870529
06/22/2018 22:49:37.000,4.362405777,0.228314146,3.259859085
06/22/2018 22:51:37.000,4.399997711,0.33593595,3.064493179
06/22/2018 22:53:37.000,4.400013924,0.428701073,2.52097702
06/22/2018 22:55:37.000,4.399991989,0.505391836,2.103492737
06/22/2018 22:57:37.000,4.399964333,0.570197642,1.801751137
06/22/2018 22:59:37.000,4.400001526,0.626430869,1.582371712
06/22/2018 23:01:37.000,4.399968147,0.676242054,1.414225578
06/22/2018 23:03:37.000,4.400075912,0.721103251,1.282430649
06/22/2018 23:05:37.000,4.400010109,0.762046933,1.178166389
06/22/2018 23:07:37.000,4.399986267,0.799840868,1.091621399
06/22/2018 23:09:37.000,4.399988174,0.834953249,1.017073631
06/22/2018 23:11:37.000,4.399947166,0.867772162,0.953783989
06/22/2018 23:13:37.000,4.400003433,0.89862448,0.898070335
06/22/2018 23:15:37.000,4.399971962,0.927679062,0.845956802
06/22/2018 23:17:37.000,4.400025368,0.955056429,0.797131538
06/22/2018 23:19:37.000,4.399997711,0.980864286,0.752022743
06/22/2018 23:21:37.000,4.399974823,1.005246162,0.71142292
06/22/2018 23:23:37.000,4.400015831,1.028303146,0.67232132
06/22/2018 23:25:37.000,4.399997711,1.040194035,0.651975632
06/22/2018 23:27:37.000,4.269420624,1.040195227,0
06/22/2018 23:29:37.000,4.256661415,1.040195227,0
06/22/2018 23:31:37.000,4.253351212,1.040195227,0
06/22/2018 23:33:37.000,3.33475399,1.040195227,-6.520039558
06/22/2018 23:35:37.000,3.259449005,1.040195227,-6.520158768
06/22/2018 23:37:37.000,3.174633026,1.040195227,-6.519876957
06/22/2018 23:39:37.000,3.087557793,1.040195227,-6.520163536
06/22/2018 23:41:37.000,2.999998093,1.040195227,-6.519791126
06/22/2018 23:43:37.000,3.853582382,1.040195227,0
06/22/2018 23:45:37.000,3.872947693,1.040195227,0
06/22/2018 23:47:37.000,3.877249718,1.040195227,0
06/22/2018 23:49:37.000,4.200055122,0.012163205,3.259614944
06/22/2018 23:51:37.000,4.321246147,0.120568864,3.259914398
06/22/2018 23:53:37.000,4.360581398,0.229218274,3.259902954
06/22/2018 23:55:37.000,4.400011063,0.337085456,3.087675095
06/22/2018 23:57:37.000,4.399981499,0.430707633,2.550046921
06/22/2018 23:59:37.000,4.399973869,0.508377552,2.132883072
06/23/2018 00:01:37.000,4.400022507,0.574202478,1.82952404
06/23/2018 00:03:37.000,4.399991989,0.631364226,1.609948158
06/23/2018 00:05:37.000,4.399970055,0.682082415,1.441198349
06/23/2018 00:07:37.000,4.400057793,0.727739096,1.30397892
06/23/2018 00:09:37.000,4.400033951,0.769288778,1.192498207
06/23/2018 00:11:37.000,4.40001297,0.807487845,1.100856781
06/23/2018 00:13:37.000,4.400065422,0.842879355,1.023942947
06/23/2018 00:15:37.000,4.399971962,0.875911474,0.958719254
06/23/2018 00:17:37.000,4.399983406,0.906848252,0.899057388
06/23/2018 00:19:37.000,4.39999485,0.935945153,0.847445488
06/23/2018 00:21:37.000,4.399998665,0.96341759,0.801068306
06/23/2018 00:23:37.000,4.400011063,0.989390969,0.757743835
06/23/2018 00:25:37.000,4.400008202,1.013934493,0.715697289
06/23/2018 00:27:37.000,4.399989128,1.037142515,0.677381516
06/23/2018 00:29:37.000,4.399991989,1.052389264,0.651997566
06/23/2018 00:31:37.000,4.269276619,1.052390933,0
06/23/2018 00:33:37.000,4.256436348,1.052390933,0
06/23/2018 00:35:37.000,4.253120422,1.052390933,0
06/23/2018 00:37:37.000,3.329506874,1.052390933,-6.519823074
06/23/2018 00:39:37.000,3.257138252,1.052390933,-6.519813061
06/23/2018 00:41:37.000,3.173372269,1.052390933,-6.520153522
06/23/2018 00:43:37.000,3.086010933,1.052390933,-6.520166874
06/23/2018 00:45:37.000,2.999999046,1.052390933,-6.520123482
06/23/2018 00:47:37.000,3.85439682,1.052390933,0
06/23/2018 00:49:37.000,3.873688698,1.052390933,0
06/23/2018 00:51:37.000,3.878029823,1.052390933,0
06/23/2018 00:53:37.000,4.200091362,0.011557302,3.259849548
06/23/2018 00:55:37.000,4.323357582,0.119969301,3.259889603
06/23/2018 00:57:37.000,4.362844467,0.228632778,3.260194778
06/23/2018 00:59:37.000,4.400039673,0.336242229,3.064973831
06/23/2018 01:01:37.000,4.399993896,0.429043025,2.520929337
06/23/2018 01:03:37.000,4.400024414,0.505830288,2.110879898
06/23/2018 01:05:37.000,4.399971962,0.571045399,1.818408966
06/23/2018 01:07:37.000,4.40004921,0.627893329,1.602664948
06/23/2018 01:09:37.000,4.400035858,0.678488195,1.440763474
06/23/2018 01:11:37.000,4.400012016,0.72426796,1.312515259
06/23/2018 01:13:37.000,4.39997673,0.766160846,1.203518867
06/23/2018 01:15:37.000,4.400001526,0.80468297,1.109306335
06/23/2018 01:17:37.000,4.40000248,0.840294838,1.028468132
06/23/2018 01:19:37.000,4.399977684,0.873414755,0.959047318
06/23/2018 01:21:37.000,4.400007248,0.904355168,0.897911072
06/23/2018 01:23:37.000,4.400009155,0.933339,0.84172821
06/23/2018 01:25:37.000,4.400022507,0.960596442,0.794545174
06/23/2018 01:27:37.000,4.399985313,0.986393988,0.753357887
06/23/2018 01:29:37.000,4.399957657,1.010863304,0.714831352
06/23/2018 01:31:37.000,4.399989128,1.034054637,0.67695713
06/23/2018 01:33:37.000,4.400006294,1.048719883,0.6519804
06/23/2018 01:35:37.000,4.268937111,1.048722386,0
06/23/2018 01:37:37.000,4.25609684,1.048722386,0
06/23/2018 01:39:37.000,4.252776146,1.048722386,0
06/23/2018 01:41:37.000,3.328176498,1.048722386,-6.519781113
06/23/2018 01:43:37.000,3.254874229,1.048722386,-6.519838333
06/23/2018 01:45:37.000,3.171032906,1.048722386,-6.520180225
06/23/2018 01:47:37.000,3.08604908,1.048722386,-6.520170212
06/23/2018 01:49:37.000,2.999992371,1.048722386,-6.519816399
06/23/2018 01:51:37.000,3.85402298,1.048722386,0
06/23/2018 01:53:37.000,3.873291969,1.048722386,0
06/23/2018 01:55:37.000,3.877605438,1.048722386,0
06/23/2018 01:57:37.000,4.200040817,0.011894591,3.259925842
06/23/2018 01:59:37.000,4.322072029,0.120313764,3.259771347
06/23/2018 02:01:37.000,4.361365318,0.228976458,3.260137558
06/23/2018 02:03:37.000,4.400022507,0.336792409,3.081935883
06/23/2018 02:05:37.000,4.400017738,0.430176735,2.538711548
06/23/2018 02:07:37.000,4.400000572,0.507447541,2.119894028
06/23/2018 02:09:37.000,4.400022507,0.572741926,1.818612099
06/23/2018 02:11:37.000,4.400028229,0.629542351,1.599969864
06/23/2018 02:13:37.000,4.400053024,0.680042982,1.435584068
06/23/2018 02:15:37.000,4.39999485,0.725700855,1.306859016
06/23/2018 02:17:37.000,4.400020599,0.767418623,1.201908112
06/23/2018 02:19:37.000,4.399991989,0.805930793,1.110975266
06/23/2018 02:21:37.000,4.399972916,0.841662705,1.032771111
06/23/2018 02:23:37.000,4.399938583,0.87492007,0.963712692
06/23/2018 02:25:37.000,4.399996758,0.905997872,0.902939796
06/23/2018 02:27:37.000,4.400020599,0.935170054,0.849930763
06/23/2018 02:29:37.000,4.39999485,0.962679923,0.801112175
06/23/2018 02:31:37.000,4.400007248,0.98860687,0.754383087
06/23/2018 02:33:37.000,4.39999485,1.013080835,0.714500427
06/23/2018 02:35:37.000,4.400019646,1.036257982,0.676775932
06/23/2018 02:37:37.000,4.399988174,1.05166626,0.651999474
06/23/2018 02:39:37.000,4.26943779,1.051668763,0
06/23/2018 02:41:37.000,4.256575584,1.051668763,0
06/23/2018 02:43:37.000,4.25327301,1.051668763,0
06/23/2018 02:45:37.000,3.329465866,1.051668763,-6.520146847
06/23/2018 02:47:37.000,3.254403114,1.051668763,-6.520150185
06/23/2018 02:49:37.000,3.170333862,1.051668763,-6.520158768
06/23/2018 02:51:37.000,3.086065292,1.051668763,-6.519771099
06/23/2018 02:53:37.000,2.999986649,1.051668763,-6.520114899
06/23/2018 02:55:37.000,3.853147507,1.051668763,0
06/23/2018 02:57:37.000,3.872471809,1.051668763,0
06/23/2018 02:59:37.000,3.87686348,1.051668763,0
06/23/2018 03:01:37.000,4.200091362,0.012522371,3.259965897
06/23/2018 03:03:37.000,4.32123661,0.120946258,3.259822845
06/23/2018 03:05:37.000,4.360321999,0.2296056,3.259866714
06/23/2018 03:07:37.000,4.400075912,0.337476909,3.088153839
06/23/2018 03:09:37.000,4.400048256,0.431083709,2.543624878
06/23/2018 03:11:37.000,4.399983406,0.508493662,2.12169075
06/23/2018 03:13:37.000,4.40003109,0.573841929,1.814883232
06/23/2018 03:15:37.000,4.399981499,0.630497217,1.595450401
06/23/2018 03:17:37.000,4.400001526,0.680863261,1.433341026
06/23/2018 03:19:37.000,4.400063515,0.726412356,1.304567337
06/23/2018 03:21:37.000,4.399971962,0.768137276,1.20071888
06/23/2018 03:23:37.000,4.400042534,0.8066625,1.112261772
06/23/2018 03:25:37.000,4.399991035,0.842429221,1.033477783
06/23/2018 03:27:37.000,4.400066376,0.875677288,0.962552071
06/23/2018 03:29:37.000,4.399997711,0.906700253,0.899765015
06/23/2018 03:31:37.000,4.400009155,0.935754597,0.844630241
06/23/2018 03:33:37.000,4.39999485,0.963071346,0.794866562
06/23/2018 03:35:37.000,4.39998436,0.988802195,0.749164581
06/23/2018 03:37:37.000,4.400067329,1.013098121,0.708432198
06/23/2018 03:39:37.000,4.399958611,1.036070585,0.670710564
06/23/2018 03:41:37.000,4.399965286,1.048233747,0.651984215
06/23/2018 03:43:37.000,4.267326355,1.048235297,0
06/23/2018 03:45:37.000,4.254201889,1.048235297,0
06/23/2018 03:47:37.000,4.250862122,1.048235297,0
06/23/2018 03:49:37.000,3.325033188,1.048235297,-6.519890308
06/23/2018 03:51:37.000,3.251226425,1.048235297,-6.519885063
06/23/2018 03:53:37.000,3.167050362,1.048235297,-6.519819736
06/23/2018 03:55:37.000,3.082414627,1.048235297,-6.519853115
06/23/2018 03:57:37.000,2.999999046,1.048235297,-6.519834995
06/23/2018 03:59:37.000,3.853060722,1.048235297,0
06/23/2018 04:01:37.000,3.872303963,1.048235297,0
06/23/2018 04:03:37.000,3.876602173,1.048235297,0
06/23/2018 04:05:37.000,4.200080872,0.013149976,3.259857178
06/23/2018 04:07:37.000,4.319109917,0.121578179,3.260187149
06/23/2018 04:09:37.000,4.360198021,0.230249688,3.260093689
06/23/2018 04:11:37.000,4.399977684,0.338078529,3.082101822
06/23/2018 04:13:37.000,4.399982452,0.431419313,2.536987305
06/23/2018 04:15:37.000,4.400026321,0.508652508,2.118005753
06/23/2018 04:17:37.000,4.399964333,0.573943019,1.816285133
06/23/2018 04:19:37.000,4.399961472,0.630581677,1.594305038
06/23/2018 04:21:37.000,4.400068283,0.68085587,1.431037903
06/23/2018 04:23:37.000,4.400022507,0.726397812,1.30611515
06/23/2018 04:25:37.000,4.400003433,0.768207133,1.204106331
06/23/2018 04:27:37.000,4.400084496,0.806908011,1.118789673
06/23/2018 04:29:37.000,4.399958611,0.842912674,1.042852402
06/23/2018 04:31:37.000,4.399980545,0.876500785,0.973155975
06/23/2018 04:33:37.000,4.399996758,0.907820642,0.907682419
06/23/2018 04:35:37.000,4.400012016,0.937072694,0.848937988
06/23/2018 04:37:37.000,4.399977684,0.964477539,0.797538757
06/23/2018 04:39:37.000,4.399964333,0.990261078,0.750829697
06/23/2018 04:41:37.000,4.400008202,1.014561057,0.708372116
06/23/2018 04:43:37.000,4.399959564,1.037502646,0.668719292
06/23/2018 04:45:37.000,4.400014877,1.047705054,0.651997566
06/23/2018 04:47:37.000,4.267248154,1.047705412,0
06/23/2018 04:49:37.000,4.253967285,1.047705412,0
06/23/2018 04:51:37.000,4.250688553,1.047705412,0
06/23/2018 04:53:37.000,3.325669289,1.047705412,-6.519871712
06/23/2018 04:55:37.000,3.252696991,1.047705412,-6.519806385
06/23/2018 04:57:37.000,3.172250748,1.047705412,-6.519833088
06/23/2018 04:59:37.000,3.088562965,1.047705412,-6.520172119
06/23/2018 05:01:37.000,2.999997139,1.047705412,-6.519853115
06/23/2018 05:03:37.000,3.851198196,1.047705412,0
06/23/2018 05:05:37.000,3.870500565,1.047705412,0
06/23/2018 05:07:37.000,3.874754906,1.047705412,0
06/23/2018 05:09:37.000,4.200055122,0.013779159,3.259674072
06/23/2018 05:11:37.000,4.317077637,0.122187965,3.259878159
06/23/2018 05:13:37.000,4.356523514,0.230850637,3.259838104
06/23/2018 05:15:37.000,4.400009155,0.339056134,3.128231049
06/23/2018 05:17:37.000,4.399999619,0.433786154,2.574293137
06/23/2018 05:19:37.000,4.399934769,0.512090266,2.146917343
06/23/2018 05:21:37.000,4.400017738,0.578212202,1.838485718
06/23/2018 05:23:37.000,4.399987221,0.635556281,1.612569809
06/23/2018 05:25:37.000,4.400016785,0.686372757,1.442385674
06/23/2018 05:27:37.000,4.400017738,0.732223749,1.31384182
06/23/2018 05:29:37.000,4.399989128,0.77428633,1.211396217
06/23/2018 05:31:37.000,4.399981499,0.813183963,1.124145508
06/23/2018 05:33:37.000,4.400036812,0.849352777,1.048904419
06/23/2018 05:35:37.000,4.400022507,0.883145511,0.98095417
06/23/2018 05:37:37.000,4.40003109,0.914780796,0.918550491
06/23/2018 05:39:37.000,4.399993896,0.944385707,0.858475685
06/23/2018 05:41:37.000,4.400039673,0.972106278,0.804797173
06/23/2018 05:43:37.000,4.399980545,0.998102248,0.755508423
06/23/2018 05:45:37.000,4.400010109,1.022548795,0.71188736
06/23/2018 05:47:37.000,4.399981499,1.045593381,0.671542168
06/23/2018 05:49:37.000,4.399983406,1.05686152,0.651993752
06/23/2018 05:51:37.000,4.267025948,1.056865215,0
06/23/2018 05:53:37.000,4.253811836,1.056865215,0
06/23/2018 05:55:37.000,4.25039959,1.056865215,0
06/23/2018 05:57:37.000,3.324069023,1.056865215,-6.520152092
06/23/2018 05:59:37.000,3.251605034,1.056865215,-6.519846439
06/23/2018 06:01:37.000,3.167136192,1.056865215,-6.520100117
06/23/2018 06:03:37.000,3.084410667,1.056865215,-6.519870281
06/23/2018 06:05:37.000,2.999977112,1.056865215,-6.519873619
06/23/2018 06:07:37.000,3.85249424,1.056865215,0
06/23/2018 06:09:37.000,3.871603012,1.056865215,0
06/23/2018 06:11:37.000,3.875908852,1.056865215,0
06/23/2018 06:13:37.000,4.200065613,0.012797466,3.259738922
06/23/2018 06:15:37.000,4.319052696,0.121210158,3.259838104
06/23/2018 06:17:37.000,4.358193398,0.22988151,3.260105133
06/23/2018 06:19:37.000,4.400019646,0.337958902,3.110113144
06/23/2018 06:21:37.000,4.39999485,0.432238698,2.566230774
06/23/2018 06:23:37.000,4.399964333,0.510289252,2.140834808
06/23/2018 06:25:37.000,4.399999619,0.576120317,1.826856613
06/23/2018 06:27:37.000,4.400027275,0.633049548,1.600518227
06/23/2018 06:29:37.000,4.399950027,0.683442235,1.430416107
06/23/2018 06:31:37.000,4.399971962,0.728833139,1.297335625
06/23/2018 06:33:37.000,4.39997673,0.770316422,1.194777489
06/23/2018 06:35:37.000,4.400029182,0.808720171,1.111335754
06/23/2018 06:37:37.000,4.400015831,0.844561338,1.040448189
06/23/2018 06:39:37.000,4.399971962,0.878130436,0.975296974
06/23/2018 06:41:37.000,4.400054932,0.90963012,0.916419983
06/23/2018 06:43:37.000,4.400008202,0.939240456,0.860502243
06/23/2018 06:45:37.000,4.400026321,0.96702832,0.80602169
06/23/2018 06:47:37.000,4.399987221,0.993056178,0.755647659
06/23/2018 06:49:37.000,4.400028229,1.017474771,0.70991993
06/23/2018 06:51:37.000,4.399996758,1.040453315,0.669523239
06/23/2018 06:53:37.000,4.400017738,1.050792813,0.651999474
06/23/2018 06:55:37.000,4.266862869,1.05079484,0
06/23/2018 06:57:37.000,4.253528595,1.05079484,0
06/23/2018 06:59:37.000,4.250235558,1.05079484,0
06/23/2018 07:01:37.000,3.316549301,1.05079484,-6.520198822
06/23/2018 07:03:37.000,3.24287796,1.05079484,-6.519883633
06/23/2018 07:05:37.000,3.16146946,1.05079484,-6.520200729
06/23/2018 07:07:37.000,3.076636314,1.05079484,-6.519855022
06/23/2018 07:09:37.000,2.999986649,1.05079484,-6.520123482
06/23/2018 07:11:37.000,3.855548859,1.05079484,0
06/23/2018 07:13:37.000,3.874549866,1.05079484,0
06/23/2018 07:15:37.000,3.878716469,1.05079484,0
06/23/2018 07:17:37.000,4.200055122,0.012242134,3.25969696
06/23/2018 07:19:37.000,4.319702148,0.120660782,3.259866714
06/23/2018 07:21:37.000,4.360466957,0.229318708,3.259841919
06/23/2018 07:23:37.000,4.399983406,0.337026417,3.071567535
06/23/2018 07:25:37.000,4.399998665,0.429942638,2.524108887
06/23/2018 07:27:37.000,4.399991035,0.506812811,2.108776093
06/23/2018 07:29:37.000,4.399924278,0.571826935,1.808156967
06/23/2018 07:31:37.000,4.400020599,0.62815696,1.584213257
06/23/2018 07:33:37.000,4.399980545,0.678002775,1.413825035
06/23/2018 07:35:37.000,4.400054932,0.722842395,1.281763077
06/23/2018 07:37:37.000,4.400003433,0.76374948,1.175843239
06/23/2018 07:39:37.000,4.400019646,0.801455975,1.088752747
06/23/2018 07:41:37.000,4.400004387,0.836540282,1.018591881
06/23/2018 07:43:37.000,4.399986267,0.869406581,0.955706596
06/23/2018 07:45:37.000,4.400020599,0.900287092,0.898407936
06/23/2018 07:47:37.000,4.399980545,0.929331303,0.84561348
06/23/2018 07:49:37.000,4.400010109,0.956696093,0.79745388
06/23/2018 07:51:37.000,4.399971962,0.982472658,0.749828339
06/23/2018 07:53:37.000,4.400020599,1.006701112,0.704792023
06/23/2018 07:55:37.000,4.400025368,1.029524922,0.664579391
06/23/2018 07:57:37.000,4.399999619,1.036780119,0.651987076
06/23/2018 07:59:37.000,4.267210007,1.036782622,0
06/23/2018 08:01:37.000,4.253958702,1.036782622,0
06/23/2018 08:03:37.000,4.250564575,1.036782622,0
06/23/2018 08:05:37.000,3.319124222,1.036782622,-6.519838333
06/23/2018 08:07:37.000,3.243408203,1.036782622,-6.520162106
06/23/2018 08:09:37.000,3.158250809,1.036782622,-6.519870281
06/23/2018 08:11:37.000,3.072262764,1.036782622,-6.520175457
06/23/2018 08:13:37.000,2.999997139,1.036782622,-6.520106792
06/23/2018 08:15:37.000,3.857671738,1.036782622,0
06/23/2018 08:17:37.000,3.876578331,1.036782622,0
06/23/2018 08:19:37.000,3.880703926,1.036782622,0
06/23/2018 08:21:37.000,4.200105667,0.011928762,3.259809494
06/23/2018 08:23:37.000,4.317325592,0.120352194,3.259857178
06/23/2018 08:25:37.000,4.359205246,0.229010925,3.259887695
06/23/2018 08:27:37.000,4.400016785,0.336613774,3.056770325
06/23/2018 08:29:37.000,4.400011063,0.428795129,2.495119095
06/23/2018 08:31:37.000,4.399991989,0.504765272,2.087125778
06/23/2018 08:33:37.000,4.399975777,0.569099367,1.791356087
06/23/2018 08:35:37.000,4.399991035,0.625045002,1.575994492
06/23/2018 08:37:37.000,4.399969101,0.674830377,1.416208267
06/23/2018 08:39:37.000,4.400012016,0.719851792,1.28802681
06/23/2018 08:41:37.000,4.399997711,0.760923564,1.181121826
06/23/2018 08:43:37.000,4.40000248,0.79869765,1.087984085
06/23/2018 08:45:37.000,4.400051117,0.833653986,1.009462357
06/23/2018 08:47:37.000,4.400032043,0.866215408,0.945002556
06/23/2018 08:49:37.000,4.400044441,0.896724224,0.888113976
06/23/2018 08:51:37.000,4.40003109,0.925464988,0.835391045
06/23/2018 08:53:37.000,4.399973869,0.952511191,0.78896904
06/23/2018 08:55:37.000,4.400036812,0.978002429,0.742043495
06/23/2018 08:57:37.000,4.400009155,1.002051711,0.69960022
06/23/2018 08:59:37.000,4.400035858,1.0246737,0.659022331
06/23/2018 09:01:37.000,4.400029182,1.028342128,0.651988983
06/23/2018 09:03:37.000,4.268133163,1.028345466,0
06/23/2018 09:05:37.000,4.255098343,1.028345466,0
06/23/2018 09:07:37.000,4.251752853,1.028345466,0
06/23/2018 09:09:37.000,3.321527481,1.028345466,-6.520100117
06/23/2018 09:11:37.000,3.245993614,1.028345466,-6.520123482
06/23/2018 09:13:37.000,3.16136837,1.028345466,-6.519759178
06/23/2018 09:15:37.000,3.074980736,1.028345466,-6.520064831
06/23/2018 09:17:37.000,2.999998093,1.028345466,-6.520108223
06/23/2018 09:19:37.000,3.85759449,1.028345466,0
06/23/2018 09:21:37.000,3.876455307,1.028345466,0
06/23/2018 09:23:37.000,3.880625725,1.028345466,0
06/23/2018 09:25:37.000,4.200078964,0.011328013,3.259950638
06/23/2018 09:27:37.000,4.319867134,0.119739026,3.260164261
06/23/2018 09:29:37.000,4.35908699,0.228402793,3.260181427
06/23/2018 09:31:37.000,4.400036812,0.336319715,3.090679169
06/23/2018 09:33:37.000,4.400001526,0.429588437,2.525909424
06/23/2018 09:35:37.000,4.400051117,0.506121099,2.090585709
06/23/2018 09:37:37.000,4.399972916,0.570304394,1.779912949
06/23/2018 09:39:37.000,4.400017738,0.625774443,1.562710762
06/23/2018 09:41:37.000,4.39993763,0.675067723,1.403087616
06/23/2018 09:43:37.000,4.400012016,0.719675243,1.277599335
06/23/2018 09:45:37.000,4.39999485,0.760517478,1.17579174
06/23/2018 09:47:37.000,4.399989128,0.798231602,1.088450432
06/23/2018 09:49:37.000,4.40004158,0.833182275,1.009297371
06/23/2018 09:51:37.000,4.399970055,0.865658939,0.940451622
06/23/2018 09:53:37.000,4.40000248,0.895956814,0.879370689
06/23/2018 09:55:37.000,4.400006294,0.924400389,0.828782082
06/23/2018 09:57:37.000,4.399987221,0.951249182,0.782855034
06/23/2018 09:59:37.000,4.400009155,0.976627409,0.740505219
06/23/2018 10:01:37.000,4.400017738,1.000617385,0.699228287
06/23/2018 10:03:37.000,4.399986267,1.023278832,0.661013603
06/23/2018 10:05:37.000,4.400012016,1.028383493,0.651988983
06/23/2018 10:07:37.000,4.268076897,1.028384686,0
06/23/2018 10:09:37.000,4.254981041,1.028384686,0
06/23/2018 10:11:37.000,4.251601219,1.028384686,0
06/23/2018 10:13:37.000,3.318639755,1.028384686,-6.520170212
06/23/2018 10:15:37.000,3.242305756,1.028384686,-6.520182133
06/23/2018 10:17:37.000,3.156938553,1.028384686,-6.519890308
06/23/2018 10:19:37.000,3.069979668,1.028384686,-6.52012825
06/23/2018 10:21:37.000,3,1.028384686,-6.51980114
06/23/2018 10:23:37.000,3.860178947,1.028384686,0
06/23/2018 10:25:37.000,3.879098892,1.028384686,0
06/23/2018 10:27:37.000,3.883253098,1.028384686,0
06/23/2018 10:29:37.000,4.200108528,0.009406108,3.25963974
06/23/2018 10:31:37.000,4.326407433,0.117839426,3.25992775
06/23/2018 10:33:37.000,4.366069794,0.22649695,3.260202408
06/23/2018 10:35:37.000,4.400038719,0.333622754,3.022005081
06/23/2018 10:37:37.000,4.399991989,0.425023258,2.48497963
06/23/2018 10:39:37.000,4.400032043,0.500614643,2.071550369
06/23/2018 10:41:37.000,4.400016785,0.564362884,1.767811775
06/23/2018 10:43:37.000,4.400033951,0.619343996,1.542620659
06/23/2018 10:45:37.000,4.400020599,0.667898238,1.379060745
06/23/2018 10:47:37.000,4.399999619,0.711762071,1.25774765
06/23/2018 10:49:37.000,4.399977684,0.752023935,1.16137886
06/23/2018 10:51:37.000,4.400017738,0.789350212,1.080353737
06/23/2018 10:53:37.000,4.399991989,0.824133217,1.007771492
06/23/2018 10:55:37.000,4.400028229,0.856655657,0.943189621
06/23/2018 10:57:37.000,4.39996624,0.887087345,0.88237381
06/23/2018 10:59:37.000,4.399999619,0.91554153,0.826533318
06/23/2018 11:01:37.000,4.400035858,0.942241967,0.778065681
06/23/2018 11:03:37.000,4.399988174,0.967459261,0.734827995
06/23/2018 11:05:37.000,4.399975777,0.991302907,0.694909096
06/23/2018 11:07:37.000,4.399983406,1.013824701,0.658204079
06/23/2018 11:09:37.000,4.39999485,1.017849684,0.651999474
06/23/2018 11:11:37.000,4.268724442,1.017852306,0
06/23/2018 11:13:37.000,4.255738258,1.017852306,0
06/23/2018 11:15:37.000,4.252378464,1.017852306,0
06/23/2018 11:17:37.000,3.324838638,1.017852306,-6.520123482
06/23/2018 11:19:37.000,3.247247696,1.017852306,-6.520165443
06/23/2018 11:21:37.000,3.160561562,1.017852306,-6.519843102
06/23/2018 11:23:37.000,3.072853088,1.017852306,-6.51985836
06/23/2018 11:25:37.000,2.99998188,1.017852306,-6.520140171
06/23/2018 11:27:37.000,3.858570099,1.017852306,0
06/23/2018 11:29:37.000,3.877667427,1.017852306,0
06/23/2018 11:31:37.000,3.881884575,1.017852306,0
06/23/2018 11:33:37.000,4.200037956,0.010035684,3.259780884
06/23/2018 11:35:37.000,4.326411247,0.11845386,3.25985527
06/23/2018 11:37:37.000,4.366514206,0.227107093,3.260211945
06/23/2018 11:39:37.000,4.40002346,0.334258705,3.028177261
06/23/2018 11:41:37.000,4.400012016,0.426100612,2.498699188
06/23/2018 11:43:37.000,4.40003109,0.502347648,2.093336105
06/23/2018 11:45:37.000,4.399991035,0.566931129,1.797653198
06/23/2018 11:47:37.000,4.400030136,0.622915506,1.573678017
06/23/2018 11:49:37.000,4.400045395,0.672396839,1.400030136
06/23/2018 11:51:37.000,4.400008202,0.716739595,1.265048027
06/23/2018 11:53:37.000,4.400006294,0.757057309,1.15791893
06/23/2018 11:55:37.000,4.400025368,0.79421705,1.074250221
06/23/2018 11:57:37.000,4.399974823,0.828821719,1.003807068
06/23/2018 11:59:37.000,4.399998665,0.861205935,0.940813065
06/23/2018 12:01:37.000,4.400012016,0.891590714,0.883227348
06/23/2018 12:03:37.000,4.39996624,0.920117199,0.829816818
06/23/2018 12:05:37.000,4.400024414,0.946932793,0.77905941
06/23/2018 12:07:37.000,4.399992943,0.972132564,0.733813286
06/23/2018 12:09:37.000,4.400015831,0.995918453,0.694849968
06/23/2018 12:11:37.000,4.400024414,1.018462658,0.659339905
06/23/2018 12:13:37.000,4.399969101,1.02309978,0.651999474
06/23/2018 12:15:37.000,4.268585205,1.02310133,0
06/23/2018 12:17:37.000,4.255486488,1.02310133,0
06/23/2018 12:19:37.000,4.252234459,1.02310133,0
06/23/2018 12:21:37.000,3.329115868,1.02310133,-6.520118237
06/23/2018 12:23:37.000,3.249279022,1.02310133,-6.520153522
06/23/2018 12:25:37.000,3.161831856,1.02310133,-6.520207405
06/23/2018 12:27:37.000,3.07237339,1.02310133,-6.520188808
06/23/2018 12:29:37.000,3,1.02310133,-6.520176888
06/23/2018 12:31:37.000,3.859142303,1.02310133,0
06/23/2018 12:33:37.000,3.878346443,1.02310133,0
06/23/2018 12:35:37.000,3.882466316,1.02310133,0
06/23/2018 12:37:37.000,4.200035095,0.009674412,3.25982666
06/23/2018 12:39:37.000,4.328639984,0.118085362,3.260147095
06/23/2018 12:41:37.000,4.37071991,0.226749077,3.259859085
06/23/2018 12:43:37.000,4.399971962,0.333141655,2.977117538
06/23/2018 12:45:37.000,4.400000572,0.423307687,2.451889038
06/23/2018 12:47:37.000,4.400032997,0.498122215,2.060352325
06/23/2018 12:49:37.000,4.400009155,0.561843812,1.777287483
06/23/2018 12:51:37.000,4.400028229,0.617466509,1.566907883
06/23/2018 12:53:37.000,4.400001526,0.666826427,1.400779724
06/23/2018 12:55:37.000,4.400003433,0.71128577,1.272315979
06/23/2018 12:57:37.000,4.400025368,0.751887202,1.16639328
06/23/2018 12:59:37.000,4.399988174,0.789207399,1.075850487
06/23/2018 13:01:37.000,4.400027275,0.823764563,1.000658989
06/23/2018 13:03:37.000,4.400040627,0.856048167,0.937699318
06/23/2018 13:05:37.000,4.400004387,0.886371672,0.882515907
06/23/2018 13:07:37.000,4.400010109,0.914932728,0.832437515
06/23/2018 13:09:37.000,4.399950027,0.941887259,0.786216736
06/23/2018 13:11:37.000,4.400003433,0.96731925,0.741147995
06/23/2018 13:13:37.000,4.399993896,0.991317689,0.697755814
06/23/2018 13:15:37.000,4.400003433,1.013906598,0.659401894
06/23/2018 13:17:37.000,4.400039673,1.018257976,0.6519804
06/23/2018 13:19:37.000,4.268344879,1.018259645,0
06/23/2018 13:21:37.000,4.255237579,1.018259645,0
06/23/2018 13:23:37.000,4.251878738,1.018259645,0
06/23/2018 13:25:37.000,3.326826096,1.018259645,-6.520118237
06/23/2018 13:27:37.000,3.249174118,1.018259645,-6.519836426
06/23/2018 13:29:37.000,3.16106987,1.018259645,-6.520185471
06/23/2018 13:31:37.000,3.071007729,1.018259645,-6.519922256
06/23/2018 13:33:37.000,2.999979973,1.018259645,-6.520180225
06/23/2018 13:35:37.000,3.859548569,1.018259645,0
06/23/2018 13:37:37.000,3.878709793,1.018259645,0
06/23/2018 13:39:37.000,3.882935524,1.018259645,0
06/23/2018 13:41:37.000,4.200125694,0.009562131,3.259820938
06/23/2018 13:43:37.000,4.329449654,0.11798276,3.260129929
06/23/2018 13:45:37.000,4.371922493,0.226651758,3.260183334
06/23/2018 13:47:37.000,4.400011063,0.332667142,2.954805374
06/23/2018 13:49:37.000,4.400042534,0.422192156,2.437349319
06/23/2018 13:51:37.000,4.39999485,0.496519595,2.044490814
06/23/2018 13:53:37.000,4.399972916,0.559673011,1.760066032
06/23/2018 13:55:37.000,4.40000248,0.614857674,1.559008598
06/23/2018 13:57:37.000,4.40002346,0.664103508,1.403597832
06/23/2018 13:59:37.000,4.400011063,0.708687723,1.273850441
06/23/2018 14:01:37.000,4.400020599,0.749404073,1.173069
06/23/2018 14:03:37.000,4.400024414,0.786992729,1.085682869
06/23/2018 14:05:37.000,4.400042534,0.821871459,1.007502556
06/23/2018 14:07:37.000,4.400009155,0.854291022,0.938620567
06/23/2018 14:09:37.000,4.399961472,0.884557903,0.879077911
06/23/2018 14:11:37.000,4.399992943,0.912982106,0.827913284
06/23/2018 14:13:37.000,4.399989128,0.939777732,0.781276703
06/23/2018 14:15:37.000,4.400005341,0.965109348,0.738145828
06/23/2018 14:17:37.000,4.399971962,0.989048779,0.697804451
06/23/2018 14:19:37.000,4.400012016,1.011656284,0.659729004
06/23/2018 14:21:37.000,4.400027275,1.015783191,0.651990891
06/23/2018 14:23:37.000,4.268641472,1.015783548,0
06/23/2018 14:25:37.000,4.255582809,1.015783548,0
06/23/2018 14:27:37.000,4.252230644,1.015783548,0
06/23/2018 14:29:37.000,3.325642586,1.015783548,-6.520054817
06/23/2018 14:31:37.000,3.249318123,1.015783548,-6.519843102
06/23/2018 14:33:37.000,3.165094376,1.015783548,-6.520072937
06/23/2018 14:35:37.000,3.077849388,1.015783548,-6.520086288
06/23/2018 14:37:37.000,2.999991417,1.015783548,-6.520176888
06/23/2018 14:39:37.000,3.8560009,1.015783548,0
06/23/2018 14:41:37.000,3.875267982,1.015783548,0
06/23/2018 14:43:37.000,3.879529953,1.015783548,0
06/23/2018 14:45:37.000,4.20008564,0.010913476,3.259796143
06/23/2018 14:47:37.000,4.325447083,0.119323201,3.25983429
06/23/2018 14:49:37.000,4.366861343,0.22797513,3.259859085
06/23/2018 14:51:37.000,4.40001297,0.334926218,3.012411118
06/23/2018 14:53:37.000,4.399990082,0.426136822,2.480676651
06/23/2018 14:55:37.000,4.400024414,0.501795411,2.079050064
06/23/2018 14:57:37.000,4.400025368,0.565987229,1.787358284
06/23/2018 14:59:37.000,4.400075912,0.621846974,1.573501587
06/23/2018 15:01:37.000,4.400006294,0.67154783,1.415839195
06/23/2018 15:03:37.000,4.399987221,0.716653645,1.293259621
06/23/2018 15:05:37.000,4.399969101,0.757949829,1.189291
06/23/2018 15:07:37.000,4.40007782,0.796068966,1.101155281
06/23/2018 15:09:37.000,4.399973869,0.831498146,1.02600956
06/23/2018 15:11:37.000,4.400011063,0.864601731,0.960103035
06/23/2018 15:13:37.000,4.400000572,0.895535171,0.896100998
06/23/2018 15:15:37.000,4.399988174,0.924410522,0.837461472
06/23/2018 15:17:37.000,4.399975777,0.951450825,0.786446571
06/23/2018 15:19:37.000,4.400014877,0.976928294,0.743504524
06/23/2018 15:21:37.000,4.400019646,1.00102973,0.703534126
06/23/2018 15:23:37.000,4.399945259,1.023840547,0.665401459
06/23/2018 15:25:37.000,4.399999619,1.031722426,0.651999474
06/23/2018 15:27:37.000,4.267913818,1.031725883,0
06/23/2018 15:29:37.000,4.254757881,1.031725883,0
06/23/2018 15:31:37.000,4.251356125,1.031725883,0
06/23/2018 15:33:37.000,3.323112488,1.031725883,-6.520131588
06/23/2018 15:35:37.000,3.246107101,1.031725883,-6.520108223
06/23/2018 15:37:37.000,3.158856392,1.031725883,-6.520144939
06/23/2018 15:39:37.000,3.071406364,1.031725883,-6.520074844
06/23/2018 15:41:37.000,2.999998093,1.031725883,-6.520124912
06/23/2018 15:43:37.000,3.85900116,1.031725883,0
06/23/2018 15:45:37.000,3.878176689,1.031725883,0
06/23/2018 15:47:37.000,3.882382393,1.031725883,0
06/23/2018 15:49:37.000,4.200072289,0.009702193,3.259801865
06/23/2018 15:51:37.000,4.328271866,0.118107095,3.259874344
06/23/2018 15:53:37.000,4.370804787,0.226776764,3.259866714
06/23/2018 15:55:37.000,4.399993896,0.333031565,2.965698242
06/23/2018 15:57:37.000,4.39997673,0.422683209,2.435628891
06/23/2018 15:59:37.000,4.399983406,0.4968701,2.039829254
06/23/2018 16:01:37.000,4.400026321,0.559952438,1.760540009
06/23/2018 16:03:37.000,4.400029182,0.615039468,1.554228783
06/23/2018 16:05:37.000,4.39996624,0.664090812,1.394866943
06/23/2018 16:07:37.000,4.400025368,0.708477795,1.271584511
06/23/2018 16:09:37.000,4.399999619,0.749106765,1.169313431
06/23/2018 16:11:37.000,4.399957657,0.786608875,1.084733963
06/23/2018 16:13:37.000,4.399954796,0.821519732,1.010548592
06/23/2018 16:15:37.000,4.400003433,0.854124427,0.945475578
06/23/2018 16:17:37.000,4.399978638,0.884654045,0.886962891
06/23/2018 16:19:37.000,4.39999485,0.913315773,0.832422256
06/23/2018 16:21:37.000,4.399954796,0.940187693,0.780659676
06/23/2018 16:23:37.000,4.400028229,0.96539402,0.733329773
06/23/2018 16:25:37.000,4.400003433,0.989129841,0.692238808
06/23/2018 16:27:37.000,4.400035858,1.011560082,0.654800415
06/23/2018 16:29:37.000,4.400006294,1.013252854,0.651984215
06/23/2018 16:31:37.000,4.26695919,1.01325357,0
06/23/2018 16:33:37.000,4.253736496,1.01325357,0
06/23/2018 16:35:37.000,4.250358582,1.01325357,0
06/23/2018 16:37:37.000,3.322909355,1.01325357,-6.520040989
06/23/2018 16:39:37.000,3.247365952,1.01325357,-6.52011013
06/23/2018 16:41:37.000,3.162241936,1.01325357,-6.520096302
06/23/2018 16:43:37.000,3.074297905,1.01325357,-6.520100117
06/23/2018 16:45:37.000,3,1.01325357,-6.520082951
06/23/2018 16:47:37.000,3.856499672,1.01325357,0
06/23/2018 16:49:37.000,3.875753403,1.01325357,0
06/23/2018 16:51:37.000,3.880003929,1.01325357,0
06/23/2018 16:53:37.000,4.200083733,0.010809377,3.259700775
06/23/2018 16:55:37.000,4.325613022,0.119216107,3.259963989
06/23/2018 16:57:37.000,4.367706299,0.227890134,3.259895325
06/23/2018 16:59:37.000,4.399963379,0.334773511,3.007242203
06/23/2018 17:01:37.000,4.40003109,0.425679862,2.467502594
06/23/2018 17:03:37.000,4.400026321,0.500897586,2.065265656
06/23/2018 17:05:37.000,4.400040627,0.564621091,1.777667046
06/23/2018 17:07:37.000,4.400043488,0.620218515,1.570557594
06/23/2018 17:09:37.000,4.400016785,0.669788539,1.409430504
06/23/2018 17:11:37.000,4.399988174,0.71464628,1.286994934
06/23/2018 17:13:37.000,4.399983406,0.755751312,1.183751106
06/23/2018 17:15:37.000,4.399997711,0.793704093,1.09459877
06/23/2018 17:17:37.000,4.400007248,0.828864813,1.016955376
06/23/2018 17:19:37.000,4.399982452,0.861657023,0.951871872
06/23/2018 17:21:37.000,4.400048256,0.892385542,0.893940926
06/23/2018 17:23:37.000,4.400020599,0.921267688,0.840463638
06/23/2018 17:25:37.000,4.399975777,0.948478043,0.791537285
06/23/2018 17:27:37.000,4.399982452,0.97409904,0.746109962
06/23/2018 17:29:37.000,4.400025368,0.9981879,0.700338364
06/23/2018 17:31:37.000,4.400010109,1.020819306,0.658551216
06/23/2018 17:33:37.000,4.400037766,1.024756789,0.651992798
06/23/2018 17:35:37.000,4.267126083,1.024758816,0
06/23/2018 17:37:37.000,4.253773689,1.024758816,0
06/23/2018 17:39:37.000,4.25036335,1.024758816,0
06/23/2018 17:41:37.000,3.324145317,1.024758816,-6.519863605
06/23/2018 17:43:37.000,3.247354507,1.024758816,-6.519922256
06/23/2018 17:45:37.000,3.162582397,1.024758816,-6.51985836
06/23/2018 17:47:37.000,3.075728416,1.024758816,-6.519813061
06/23/2018 17:49:37.000,2.999991417,1.024758816,-6.519878387
06/23/2018 17:51:37.000,3.856184959,1.024758816,0
06/23/2018 17:53:37.000,3.875337601,1.024758816,0
06/23/2018 17:55:37.000,3.879589081,1.024758816,0
06/23/2018 17:57:37.000,4.200097084,0.01143689,3.259685516
06/23/2018 17:59:37.000,4.322500229,0.119842038,3.259801865
06/23/2018 18:01:37.000,4.364880562,0.228513449,3.259843826
06/23/2018 18:03:37.000,4.399935722,0.335657746,3.023008347
06/23/2018 18:05:37.000,4.399995804,0.427077025,2.479780197
06/23/2018 18:07:37.000,4.400008202,0.502480805,2.066802979
06/23/2018 18:09:37.000,4.399997711,0.566179454,1.771089554
06/23/2018 18:11:37.000,4.399980545,0.621448636,1.557785988
06/23/2018 18:13:37.000,4.399995804,0.670656085,1.401016235
06/23/2018 18:15:37.000,4.399938583,0.715237617,1.278195381
06/23/2018 18:17:37.000,4.399894714,0.756101966,1.176368713
06/23/2018 18:19:37.000,4.400042534,0.793844879,1.090167999
06/23/2018 18:21:37.000,4.399973869,0.828926682,1.014923096
06/23/2018 18:23:37.000,4.400015831,0.861534417,0.943793297
06/23/2018 18:25:37.000,4.400061607,0.891992211,0.885117531
06/23/2018 18:27:37.000,4.400027275,0.920638978,0.834628105
06/23/2018 18:29:37.000,4.400020599,0.94767195,0.788135529
06/23/2018 18:31:37.000,4.400012016,0.973211527,0.74488163
06/23/2018 18:33:37.000,4.399991035,0.997364759,0.70476532
06/23/2018 18:35:37.000,4.399992943,1.020170927,0.663663864
06/23/2018 18:37:37.000,4.399950027,1.026435137,0.651999474
06/23/2018 18:39:37.000,4.267188072,1.026437283,0
06/23/2018 18:41:37.000,4.253871918,1.026437283,0
06/23/2018 18:43:37.000,4.250444412,1.026437283,0
06/23/2018 18:45:37.000,3.31905365,1.026437283,-6.519920349
06/23/2018 18:47:37.000,3.241542816,1.026437283,-6.519906998
06/23/2018 18:49:37.000,3.156405449,1.026437283,-6.519928932
06/23/2018 18:51:37.000,3.067955971,1.026437283,-6.519923687
06/23/2018 18:53:37.000,2.999987602,1.026437283,-6.519913673
06/23/2018 18:55:37.000,3.859392166,1.026437283,0
06/23/2018 18:57:37.000,3.878490448,1.026437283,0
06/23/2018 18:59:37.000,3.882590294,1.026437283,0
06/23/2018 19:01:37.000,4.200117111,0.010279721,3.259832382
06/23/2018 19:03:37.000,4.325613022,0.118698955,3.259878159
06/23/2018 19:05:37.000,4.369070053,0.227354258,3.259868622
06/23/2018 19:07:37.000,4.400024414,0.333684832,2.970088959
06/23/2018 19:09:37.000,4.400016785,0.423398256,2.435529709
06/23/2018 19:11:37.000,4.400050163,0.497527629,2.03368187
06/23/2018 19:13:37.000,4.40003109,0.560210824,1.742441177
06/23/2018 19:15:37.000,4.39999485,0.614622056,1.531952858
06/23/2018 19:17:37.000,4.400052071,0.66291362,1.373247147
06/23/2018 19:19:37.000,4.399974823,0.706674695,1.255330086
06/23/2018 19:21:37.000,4.400019646,0.746870399,1.158317566
06/23/2018 19:23:37.000,4.400014877,0.784101725,1.076767921
06/23/2018 19:25:37.000,4.399983406,0.818769336,1.004750252
06/23/2018 19:27:37.000,4.399971962,0.85113281,0.938214302
06/23/2018 19:29:37.000,4.400009155,0.881357193,0.876048088
06/23/2018 19:31:37.000,4.39995575,0.909633517,0.821673393
06/23/2018 19:33:37.000,4.399973869,0.936267316,0.776657104
06/23/2018 19:35:37.000,4.399958611,0.961470723,0.735332489
06/23/2018 19:37:37.000,4.400000572,0.985329211,0.696166992
06/23/2018 19:39:37.000,4.400017738,1.007923126,0.659234047
06/23/2018 19:41:37.000,4.399965286,1.012207627,0.651992798
06/23/2018 19:43:37.000,4.267428398,1.012208343,0
06/23/2018 19:45:37.000,4.254084587,1.012208343,0
06/23/2018 19:47:37.000,4.250701904,1.012208343,0
06/23/2018 19:49:37.000,3.319192886,1.012208343,-6.519836426
06/23/2018 19:51:37.000,3.244346619,1.012208343,-6.520176888
06/23/2018 19:53:37.000,3.159912109,1.012208343,-6.520134926
06/23/2018 19:55:37.000,3.073067665,1.012208343,-6.519784451
06/23/2018 19:57:37.000,2.999991417,1.012208343,-6.520118237
06/23/2018 19:59:37.000,3.855958939,1.012208343,0
06/23/2018 20:01:37.000,3.875245094,1.012208343,0
06/23/2018 20:03:37.000,3.879512787,1.012208343,0
06/23/2018 20:05:37.000,4.200090408,0.011771835,3.259965897
06/23/2018 20:07:37.000,4.320840836,0.120175906,3.259895325
06/23/2018 20:09:37.000,4.362909317,0.228837937,3.259880066
06/23/2018 20:11:37.000,4.400071144,0.336130828,3.031944275
06/23/2018 20:13:37.000,4.400018692,0.427808911,2.489152908
06/23/2018 20:15:37.000,4.400053024,0.503458023,2.075294495
06/23/2018 20:17:37.000,4.400107384,0.567473888,1.7787323
06/23/2018 20:19:37.000,4.39997673,0.623027503,1.564440727
06/23/2018 20:21:37.000,4.400030136,0.672258854,1.398785591
06/23/2018 20:23:37.000,4.400044441,0.716659129,1.269690514
06/23/2018 20:25:37.000,4.400016785,0.757309139,1.171488762
06/23/2018 20:27:37.000,4.400036812,0.794925034,1.087501526
06/23/2018 20:29:37.000,4.400005341,0.829922557,1.013796806
06/23/2018 20:31:37.000,4.399992943,0.862594128,0.948300362
06/23/2018 20:33:37.000,4.400017738,0.893176794,0.887221336
06/23/2018 20:35:37.000,4.399986267,0.921764255,0.8297472
06/23/2018 20:37:37.000,4.400029182,0.948560417,0.779483795
06/23/2018 20:39:37.000,4.4000597,0.97382766,0.738382339
06/23/2018 20:41:37.000,4.399971962,0.997839332,0.702106476
06/23/2018 20:43:37.000,4.400009155,1.020684361,0.668130875
06/23/2018 20:45:37.000,4.40002346,1.031140208,0.651986122
06/23/2018 20:47:37.000,4.26834774,1.031141281,0
06/23/2018 20:49:37.000,4.25508213,1.031141281,0
06/23/2018 20:51:37.000,4.251605034,1.031141281,0
06/23/2018 20:53:37.000,3.332290649,1.031141281,-6.520185471
06/23/2018 20:55:37.000,3.254950523,1.031141281,-6.519987583
06/23/2018 20:57:37.000,3.169567108,1.031141281,-6.519865036
06/23/2018 20:59:37.000,3.084685326,1.031141281,-6.520166874
06/23/2018 21:01:37.000,2.999980927,1.031141281,-6.520200729
06/23/2018 21:03:37.000,3.8520298,1.031141281,0
06/23/2018 21:05:37.000,3.871511459,1.031141281,0
06/23/2018 21:07:37.000,3.875849724,1.031141281,0
06/23/2018 21:09:37.000,4.200120926,0.012971873,3.259954453
06/23/2018 21:11:37.000,4.319081306,0.121375754,3.259881973
06/23/2018 21:13:37.000,4.359481812,0.230040386,3.259843826
06/23/2018 21:15:37.000,4.400001526,0.337842315,3.080709457
06/23/2018 21:17:37.000,4.400069237,0.430918425,2.525636673
06/23/2018 21:19:37.000,4.400009155,0.50769496,2.103414536
06/23/2018 21:21:37.000,4.399987221,0.572492003,1.80163002
06/23/2018 21:23:37.000,4.400045395,0.628739238,1.583413124
06/23/2018 21:25:37.000,4.400027275,0.678623617,1.416689873
06/23/2018 21:27:37.000,4.399973869,0.723636448,1.28810215
06/23/2018 21:29:37.000,4.399950981,0.764831424,1.187120438
06/23/2018 21:31:37.000,4.399967194,0.802965105,1.102784157
06/23/2018 21:33:37.000,4.400004387,0.838464379,1.028575897
06/23/2018 21:35:37.000,4.40001297,0.871616602,0.961489677
06/23/2018 21:37:37.000,4.400010109,0.90267992,0.903759003
06/23/2018 21:39:37.000,4.399991035,0.931842148,0.846495628
06/23/2018 21:41:37.000,4.40001297,0.959162712,0.793758392
06/23/2018 21:43:37.000,4.400038719,0.984791994,0.746453285
06/23/2018 21:45:37.000,4.399927139,1.008951187,0.705149651
06/23/2018 21:47:37.000,4.400042534,1.031882167,0.670721054
06/23/2018 21:49:37.000,4.400017738,1.044388771,0.651995659
06/23/2018 21:51:37.000,4.266658783,1.044390798,0
06/23/2018 21:53:37.000,4.253221512,1.044390798,0
06/23/2018 21:55:37.000,4.24966526,1.044390798,0
06/23/2018 21:57:37.000,3.322464943,1.044390798,-6.520176888
06/23/2018 21:59:37.000,3.244170189,1.044390798,-6.51980114
06/23/2018 22:01:37.000,3.159064293,1.044390798,-6.520168781
06/23/2018 22:03:37.000,3.07162571,1.044390798,-6.520002365
06/23/2018 22:05:37.000,2.999983788,1.044390798,-6.51982975
06/23/2018 22:07:37.000,3.857942581,1.044390798,0
06/23/2018 22:09:37.000,3.876959801,1.044390798,0
06/23/2018 22:11:37.000,3.881103516,1.044390798,0
06/23/2018 22:13:37.000,4.200131416,0.010932572,3.259729385
06/23/2018 22:15:37.000,4.322693825,0.119346812,3.259853363
06/23/2018 22:17:37.000,4.364733696,0.228001058,3.259859085
06/23/2018 22:19:37.000,4.400072098,0.334993571,3.009983063
06/23/2018 22:21:37.000,4.400016785,0.425784409,2.456804276
06/23/2018 22:23:37.000,4.399991989,0.500355363,2.041255951
06/23/2018 22:25:37.000,4.400042534,0.563254297,1.747681618
06/23/2018 22:27:37.000,4.399982452,0.617836297,1.537204742
06/23/2018 22:29:37.000,4.400029182,0.666356385,1.380072594
06/23/2018 22:31:37.000,4.399997711,0.710209489,1.255687714
06/23/2018 22:33:37.000,4.399983406,0.750378728,1.157232285
06/23/2018 22:35:37.000,4.399945259,0.787578821,1.076034546
06/23/2018 22:37:37.000,4.400005341,0.822254241,1.00549984
06/23/2018 22:39:37.000,4.400065422,0.85468632,0.942058563
06/23/2018 22:41:37.000,4.39999485,0.885100543,0.884427071
06/23/2018 22:43:37.000,4.399938583,0.913660109,0.829703331
06/23/2018 22:45:37.000,4.399996758,0.940425396,0.778294563
06/23/2018 22:47:37.000,4.400017738,0.965571582,0.731002808
06/23/2018 22:49:37.000,4.400071144,0.989245415,0.690422058
06/23/2018 22:51:37.000,4.400019646,1.011628389,0.6536026
06/23/2018 22:53:37.000,4.400035858,1.012614012,0.651982307
06/23/2018 22:55:37.000,4.265625954,1.012616992,0
06/23/2018 22:57:37.000,4.252033234,1.012616992,0
06/23/2018 22:59:37.000,4.24851799,1.012616992,0
06/23/2018 23:01:37.000,3.3191185,1.012616992,-6.519952297
06/23/2018 23:03:37.000,3.242650032,1.012616992,-6.519853115
06/23/2018 23:05:37.000,3.156241417,1.012616992,-6.51990366
06/23/2018 23:07:37.000,3.066177368,1.012616992,-6.519873619
06/23/2018 23:09:37.000,2.999997139,1.012616992,-6.519784451
06/23/2018 23:11:37.000,3.859828949,1.012616992,0
06/23/2018 23:13:37.000,3.878881454,1.012616992,0
06/23/2018 23:15:37.000,3.883073807,1.012616992,0
06/23/2018 23:17:37.000,4.200040817,0.009697849,3.259780884
06/23/2018 23:19:37.000,4.325704575,0.118113637,3.259975433
06/23/2018 23:21:37.000,4.367465973,0.226778671,3.259908676
06/23/2018 23:23:37.000,4.400009155,0.333489448,2.993377686
06/23/2018 23:25:37.000,4.399947166,0.423868626,2.453062057
06/23/2018 23:27:37.000,4.399983406,0.498385102,2.038381577
06/23/2018 23:29:37.000,4.39995575,0.561040342,1.738155365
06/23/2018 23:31:37.000,4.400040627,0.615223825,1.524329185
06/23/2018 23:33:37.000,4.400001526,0.663279235,1.36724472
06/23/2018 23:35:37.000,4.39993,0.706778109,1.246780396
06/23/2018 23:37:37.000,4.399989128,0.746646583,1.148257256
06/23/2018 23:39:37.000,4.399979591,0.783489585,1.066273689
06/23/2018 23:41:37.000,4.400004387,0.817897439,0.999865532
06/23/2018 23:43:37.000,4.400001526,0.850182772,0.938709259
06/23/2018 23:45:37.000,4.399987221,0.88049674,0.88179493
06/23/2018 23:47:37.000,4.399989128,0.908977926,0.828516006
06/23/2018 23:49:37.000,4.400022507,0.935769141,0.779490471
06/23/2018 23:51:37.000,4.400008202,0.960934877,0.731309891
06/23/2018 23:53:37.000,4.399989128,0.984561801,0.68721962
06/23/2018 23:55:37.000,4.40002346,1.004729271,0.651993752
06/23/2018 23:57:37.000,4.266555786,1.004732013,0
06/23/2018 23:59:37.000,4.253032684,1.004732013,0
06/24/2018 00:01:37.000,4.249524117,1.004732013,0
06/24/2018 00:03:37.000,3.318770409,1.004732013,-6.519940376
06/24/2018 00:05:37.000,3.241599083,1.004732013,-6.519868374
06/24/2018 00:07:37.000,3.155085564,1.004732013,-6.519937038
06/24/2018 00:09:37.000,3.067569733,1.004732013,-6.519891739
06/24/2018 00:11:37.000,2.99998188,1.004732013,-6.519901752
06/24/2018 00:13:37.000,3.859864235,1.004732013,0
06/24/2018 00:15:37.000,3.879119873,1.004732013,0
06/24/2018 00:17:37.000,3.883232117,1.004732013,0
06/24/2018 00:19:37.000,4.200088501,0.009193459,3.259534836
06/24/2018 00:21:37.000,4.330061913,0.11760553,3.259901047
06/24/2018 00:23:37.000,4.371062279,0.226271391,3.259943008
06/24/2018 00:25:37.000,4.400046349,0.332612932,2.970617294
06/24/2018 00:27:37.000,4.399980545,0.422611207,2.448068619
06/24/2018 00:29:37.000,4.400028229,0.497248232,2.049711227
06/24/2018 00:31:37.000,4.4000597,0.560489297,1.761021614
06/24/2018 00:33:37.000,4.399975777,0.615317225,1.539758682
06/24/2018 00:35:37.000,4.399983406,0.663731933,1.372864723
06/24/2018 00:37:37.000,4.400022507,0.707248211,1.244690895
06/24/2018 00:39:37.000,4.39999485,0.746990979,1.143494606
06/24/2018 00:41:37.000,4.399989128,0.783677161,1.060803413
06/24/2018 00:43:37.000,4.399993896,0.81782341,0.988882065
06/24/2018 00:45:37.000,4.399981499,0.849813104,0.931037903
06/24/2018 00:47:37.000,4.399959564,0.879955113,0.877950668
06/24/2018 00:49:37.000,4.40004158,0.908385813,0.828936577
06/24/2018 00:51:37.000,4.399978638,0.935210526,0.781657219
06/24/2018 00:53:37.000,4.400012016,0.960509419,0.737451553
06/24/2018 00:55:37.000,4.400057793,0.984306872,0.691326141
06/24/2018 00:57:37.000,4.400055885,1.005130649,0.651988983
06/24/2018 00:59:37.000,4.2666502,1.005132794,0
06/24/2018 01:01:37.000,4.253056526,1.005132794,0
06/24/2018 01:03:37.000,4.249554634,1.005132794,0
06/24/2018 01:05:37.000,3.31101799,1.005132794,-6.519859791
06/24/2018 01:07:37.000,3.234107971,1.005132794,-6.519917011
06/24/2018 01:09:37.000,3.149703979,1.005132794,-6.519970894
06/24/2018 01:11:37.000,3.060836792,1.005132794,-6.519839764
06/24/2018 01:13:37.000,2.999984741,1.005132794,-6.51990509
06/24/2018 01:15:37.000,3.862446785,1.005132794,0
06/24/2018 01:17:37.000,3.881435394,1.005132794,0
06/24/2018 01:19:37.000,3.885604858,1.005132794,0
06/24/2018 01:21:37.000,4.200084686,0.008957413,3.259866714
06/24/2018 01:23:37.000,4.330773354,0.117371298,3.259929657
06/24/2018 01:25:37.000,4.376318932,0.226036802,3.259983063
06/24/2018 01:27:37.000,4.399974823,0.331171155,2.906906128
06/24/2018 01:29:37.000,4.399988174,0.419207126,2.394798279
06/24/2018 01:31:37.000,4.400017738,0.492405117,2.016588211
06/24/2018 01:33:37.000,4.400025368,0.554793775,1.739844322
06/24/2018 01:35:37.000,4.399991989,0.609252512,1.534344673
06/24/2018 01:37:37.000,4.39999485,0.65758729,1.371435165
06/24/2018 01:39:37.000,4.399938583,0.701068819,1.241203308
06/24/2018 01:41:37.000,4.40004158,0.740631521,1.135998726
06/24/2018 01:43:37.000,4.39996624,0.777025998,1.050115585
06/24/2018 01:45:37.000,4.399975777,0.810805559,0.978420258
06/24/2018 01:47:37.000,4.399991989,0.842349291,0.915876389
06/24/2018 01:49:37.000,4.400012016,0.871975958,0.863654137
06/24/2018 01:51:37.000,4.400003433,0.899994075,0.819003105
06/24/2018 01:53:37.000,4.400014877,0.926536977,0.774674416
06/24/2018 01:55:37.000,4.40001297,0.951639414,0.731550217
06/24/2018 01:57:37.000,4.39995575,0.975380242,0.691827774
06/24/2018 01:59:37.000,4.400020599,0.997804642,0.652244568
06/24/2018 02:01:37.000,4.39995575,0.997832894,0.651992798
06/24/2018 02:03:37.000,4.267889023,0.997833788,0
06/24/2018 02:05:37.000,4.254620552,0.997833788,0
06/24/2018 02:07:37.000,4.251252174,0.997833788,0
06/24/2018 02:09:37.000,3.315667152,0.997833788,-6.519912243
06/24/2018 02:11:37.000,3.237454414,0.997833788,-6.519863605
06/24/2018 02:13:37.000,3.150995255,0.997833788,-6.519859791
06/24/2018 02:15:37.000,3.060873985,0.997833788,-6.520148754
06/24/2018 02:17:37.000,2.999996185,0.997833788,-6.519819736
06/24/2018 02:19:37.000,3.863084793,0.997833788,0
06/24/2018 02:21:37.000,3.882074356,0.997833788,0
06/24/2018 02:23:37.000,3.886260986,0.997833788,0
06/24/2018 02:25:37.000,4.200076103,0.009262701,3.259902954
06/24/2018 02:27:37.000,4.327448845,0.117680103,3.259944916
06/24/2018 02:29:37.000,4.373396873,0.226337805,3.259874344
06/24/2018 02:31:37.000,4.399991035,0.331675977,2.907991409
06/24/2018 02:33:37.000,4.399961472,0.419519007,2.383527756
06/24/2018 02:35:37.000,4.400017738,0.492154241,1.996450424
06/24/2018 02:37:37.000,4.400061607,0.553874195,1.723221779
06/24/2018 02:39:37.000,4.399957657,0.607805014,1.523040771
06/24/2018 02:41:37.000,4.400046349,0.655931771,1.370081902
06/24/2018 02:43:37.000,4.399964333,0.699449241,1.246421814
06/24/2018 02:45:37.000,4.40000248,0.739223421,1.145022392
06/24/2018 02:47:37.000,4.400037766,0.775895357,1.057556152
06/24/2018 02:49:37.000,4.400034904,0.809877217,0.982333183
06/24/2018 02:51:37.000,4.400050163,0.841504216,0.916017532
06/24/2018 02:53:37.000,4.400011063,0.871042132,0.85705471
06/24/2018 02:55:37.000,4.39998436,0.898750484,0.806768417
06/24/2018 02:57:37.000,4.400015831,0.924908221,0.762853622
06/24/2018 02:59:37.000,4.400017738,0.949643672,0.721177101
06/24/2018 03:01:37.000,4.399998665,0.973008096,0.681052208
06/24/2018 03:03:37.000,4.400053978,0.989883542,0.651986122
06/24/2018 03:05:37.000,4.267268181,0.989886165,0
06/24/2018 03:07:37.000,4.253927231,0.989886165,0
06/24/2018 03:09:37.000,4.250554085,0.989886165,0
06/24/2018 03:11:37.000,3.313601494,0.989886165,-6.519888401
06/24/2018 03:13:37.000,3.234621048,0.989886165,-6.51987505
06/24/2018 03:15:37.000,3.147686958,0.989886165,-6.519819736
06/24/2018 03:17:37.000,3.056416512,0.989886165,-6.519870281
06/24/2018 03:19:37.000,2.999995232,0.989886165,-6.519824982
06/24/2018 03:21:37.000,3.864600182,0.989886165,0
06/24/2018 03:23:37.000,3.883561134,0.989886165,0
06/24/2018 03:25:37.000,3.887648582,0.989886165,0
06/24/2018 03:27:37.000,4.200023651,0.008222764,3.259767532
06/24/2018 03:29:37.000,4.331127167,0.11663533,3.259883881
06/24/2018 03:31:37.000,4.376322746,0.225291997,3.259916306
06/24/2018 03:33:37.000,4.400069237,0.330143213,2.885974884
06/24/2018 03:35:37.000,4.399975777,0.417134702,2.355798721
06/24/2018 03:37:37.000,4.400033951,0.488856345,1.968893051
06/24/2018 03:39:37.000,4.40002346,0.549726605,1.698194504
06/24/2018 03:41:37.000,4.400012016,0.602904975,1.501742363
06/24/2018 03:43:37.000,4.400042534,0.650397778,1.354318619
06/24/2018 03:45:37.000,4.400043488,0.693600416,1.240485191
06/24/2018 03:47:37.000,4.400080681,0.733258724,1.140569687
06/24/2018 03:49:37.000,4.400045395,0.769829869,1.055234909
06/24/2018 03:51:37.000,4.400006294,0.80379355,0.983477592
06/24/2018 03:53:37.000,4.399993896,0.835490048,0.91895771
06/24/2018 03:55:37.000,4.399964333,0.86509943,0.859527588
06/24/2018 03:57:37.000,4.39998436,0.892807007,0.804530144
06/24/2018 03:59:37.000,4.400014877,0.918781877,0.755419731
06/24/2018 04:01:37.000,4.400029182,0.943250656,0.714331627
06/24/2018 04:03:37.000,4.399978638,0.966426015,0.676437378
06/24/2018 04:05:37.000,4.399982452,0.981797457,0.651999474
06/24/2018 04:07:37.000,4.267036438,0.98179996,0
06/24/2018 04:09:37.000,4.25366497,0.98179996,0
06/24/2018 04:11:37.000,4.250219345,0.98179996,0
06/24/2018 04:13:37.000,3.317662239,0.98179996,-6.52017355
06/24/2018 04:15:37.000,3.23671627,0.98179996,-6.520162106
06/24/2018 04:17:37.000,3.148690224,0.98179996,-6.520195484
06/24/2018 04:19:37.000,3.056376457,0.98179996,-6.519861698
06/24/2018 04:21:37.000,2.999990463,0.98179996,-6.519816399
06/24/2018 04:23:37.000,3.864067078,0.98179996,0
06/24/2018 04:25:37.000,3.883207321,0.98179996,0
06/24/2018 04:27:37.000,3.887361526,0.98179996,0
06/24/2018 04:29:37.000,4.200016022,0.007630485,3.259902954
